-0.06161729246377945,0.07043590396642685,0.1008719950914383,-0.14269068837165833,-0.07467511296272278,0.0889953151345253,-0.08650616556406021,-5.980383775749942e-06,0.07552964985370636,-0.02126394771039486,0.10490532964468002,-0.06386640667915344,0.0034835725091397762,-0.005051328334957361,0.07538200914859772,-0.1108846589922905,-0.11374131590127945,0.032365527004003525,-0.01412627100944519,-0.12654247879981995,0.053009483963251114,0.11449848860502243,0.030602585524320602,-0.016291087493300438,0.01598886027932167,-0.0014691625256091356,0.17390373349189758,0.003813548479229212,0.04474829137325287,-0.018673000857234,0.09997742623090744,-0.29907462000846863,0.11132242530584335,-0.02366851642727852,0.15235282480716705,0.022902747616171837,-0.031179381534457207,0.04854920879006386,-0.01210276409983635,0.019284484907984734,-0.04246058687567711,-0.0577094703912735,-0.11849407851696014,0.2017744779586792,-0.08750895410776138,-0.01606658659875393,-0.07504630833864212,0.033829186111688614,-0.095338374376297,-0.06689304858446121,-0.0792984887957573,0.06895028054714203,0.023001879453659058,-0.03301550820469856,-0.1014261320233345,0.07694320380687714,-0.0813877284526825,0.059847641736269,-0.13770803809165955,-0.050743527710437775,-0.10861251503229141,-0.11253409087657928,0.1423785388469696,0.07689201831817627,0.08863354474306107,-0.05176148563623428,0.011370576918125153,0.04307549446821213,-0.046145711094141006,0.1267089992761612,0.06985852867364883,-0.12416578084230423,-0.041427139192819595,-0.24721750617027283,0.027286512777209282,-0.020885422825813293,-0.15498895943164825,-0.05209992453455925,0.02519049681723118,0.1020757406949997,-0.04634834825992584,-0.07496241480112076,0.06142347306013107,0.06017136573791504,-0.0728798434138298,-0.10395094752311707,0.05486685410141945,-0.025533383712172508,-0.01436522975564003,0.11871650815010071,0.011055519804358482,-0.1324792206287384,0.015174377709627151,0.04434014484286308,-0.0645172968506813,-0.11665577441453934,-0.10263310372829437,-0.009910092689096928,0.01613902486860752,-0.004387046676129103,0.055105384439229965,0.11166132241487503,-0.06089497730135918,-0.15002009272575378,0.06516328454017639,0.004590462893247604,0.06769917905330658,-0.05897399038076401,0.06596129387617111,-0.11602936685085297,0.0814686268568039,-0.041288331151008606,-0.05359590798616409,0.07456322759389877,0.05570673570036888,0.08847420662641525,-0.10385359078645706,0.01070528943091631,0.06597162783145905,0.06853348016738892,0.07720190286636353,-0.18091058731079102,-0.14376573264598846,-0.0069313873536884785,0.1629786342382431,0.03972124308347702,0.12954272329807281,0.08041562885046005,modi,12
-0.07783190906047821,0.19323518872261047,0.06974634528160095,-0.13607829809188843,-0.08841602504253387,0.12344290316104889,-0.18952859938144684,-0.007093626540154219,0.09130765497684479,-0.14220458269119263,-0.06750956922769547,-0.10831044614315033,-0.021648837253451347,-0.017897820100188255,-0.002526717958971858,-0.05165194720029831,-0.1645555943250656,-0.15595877170562744,-0.07599546015262604,-0.008501796051859856,0.1034548357129097,0.04272433742880821,-0.027922410517930984,-0.02512984909117222,-0.0070182280614972115,0.01992778107523918,-0.017506800591945648,-0.044275350868701935,-0.07977350056171417,-0.013147884048521519,0.10426292568445206,-0.17409458756446838,0.02472604066133499,0.058573849499225616,0.06324250996112823,0.15472491085529327,0.08467216789722443,0.0752592533826828,-0.02650180459022522,0.031431641429662704,-0.06752381473779678,-0.04154358431696892,0.03588368371129036,0.013821550644934177,0.15310752391815186,0.1154436394572258,0.1431611180305481,0.0007442841306328773,-0.1503990888595581,0.0975424125790596,-0.08287172764539719,0.037003498524427414,0.025008337572216988,0.08950752764940262,0.13010728359222412,0.033509720116853714,-0.040819987654685974,-0.02034466341137886,0.0054461341351270676,-0.27055710554122925,0.004802040755748749,0.059000413864851,0.047773148864507675,-0.023068342357873917,-0.030412960797548294,-0.0655168667435646,0.09056834876537323,0.1274765431880951,0.0722120925784111,0.11024849861860275,0.07121258229017258,-0.06390070170164108,-0.04515966773033142,-0.12346569448709488,0.13027673959732056,0.03155241161584854,-0.15146921575069427,0.03618940711021423,0.05052906647324562,0.09733607620000839,-0.012800861150026321,0.119321309030056,0.0014485674910247326,0.06435740739107132,-0.08278796076774597,0.046885084360837936,-0.0006617074250243604,0.029166942462325096,0.07548654824495316,0.12593376636505127,0.004833476152271032,-0.16877306997776031,0.05960875377058983,0.002551659243181348,-0.10330361127853394,0.00533547718077898,-0.0014822585508227348,0.05841502919793129,-0.022608187049627304,-0.026324091479182243,-0.016285313293337822,0.05517759174108505,-0.11552636325359344,-0.048527222126722336,-0.11787804961204529,0.07118422538042068,-0.15864680707454681,-0.01732703670859337,-0.14118832349777222,-0.025088895112276077,0.08098039031028748,0.001782730920240283,-0.16745811700820923,0.005150134209543467,0.016198256984353065,0.09341083467006683,-0.12288098782300949,-0.13567522168159485,-0.02410665713250637,-0.011321852914988995,0.0980154499411583,0.08416493982076645,0.11744522303342819,0.02403220161795616,0.05815328657627106,-0.019981399178504944,0.1472284197807312,0.023757601156830788,modi,10
0.008286042138934135,0.23104670643806458,-0.060196325182914734,-0.0919218584895134,-0.020547980442643166,0.24662649631500244,-0.1477203667163849,-0.029352279379963875,-0.05446457862854004,0.06821644306182861,0.09922241419553757,-0.08480806648731232,0.026631971821188927,-0.09867566078901291,-0.03510407730937004,0.07098577171564102,-0.016074538230895996,0.034832000732421875,-0.03857016935944557,-0.05175500735640526,0.10061708837747574,0.011296584270894527,0.05965706333518028,-0.0696655660867691,0.022681478410959244,-0.014046304859220982,0.04930027574300766,-0.0746026337146759,0.05992416664958,-0.018802255392074585,0.07198654115200043,-0.11666350811719894,-0.043541986495256424,-0.02749059349298477,0.06897753477096558,0.08594522625207901,-0.018647748976945877,0.009045139886438847,0.1279311627149582,0.062406111508607864,-0.12884517014026642,-0.06896241754293442,-0.08959218859672546,0.03131154552102089,0.006573001388460398,0.06525863707065582,0.06880343705415726,0.03542421758174896,-0.23655234277248383,-0.0006773892091587186,0.0429043173789978,0.17994485795497894,-0.11115525662899017,0.01168986689299345,-0.12826311588287354,-0.01463360246270895,0.08796782791614532,-0.02449188195168972,-0.05168960988521576,-0.08208008855581284,-0.045815158635377884,-0.005874632857739925,0.18211878836154938,-0.1530718058347702,0.09031261503696442,-0.14070060849189758,-0.009599156677722931,0.18682809174060822,-0.011171488091349602,0.20346646010875702,0.08730799704790115,0.05837038904428482,-0.09776873886585236,-0.16578257083892822,0.02225617691874504,0.004341127350926399,-0.09871798753738403,0.14268507063388824,-0.044410549104213715,0.054033052176237106,-0.07055579125881195,0.021429385989904404,0.05858654901385307,0.08122335374355316,-0.1543065309524536,0.09273727983236313,-0.009839734062552452,-0.02827603742480278,0.03247576951980591,0.038897302001714706,-0.057823020964860916,-0.14109186828136444,-0.052129585295915604,0.1381041705608368,-0.0057291025295853615,-0.08771771937608719,0.014227865263819695,0.05736932530999184,-0.11017367243766785,-0.001853634719736874,0.049595944583415985,0.08299184590578079,-0.16856186091899872,0.04021972790360451,0.0639849528670311,0.06846307963132858,0.006880070548504591,0.036935288459062576,0.0013116870541125536,-0.06289775669574738,-0.046066492795944214,0.017782697454094887,0.02674349956214428,0.09508997201919556,0.10216037184000015,0.04311339557170868,-0.21942836046218872,0.003668445162475109,0.022304510697722435,0.06323564797639847,0.0044665648601949215,-0.09749146550893784,0.06699354201555252,0.008288886398077011,0.14629250764846802,0.04593014344573021,0.07197549939155579,0.01470267865806818,modi,20
0.011363726109266281,0.18876181542873383,0.12706418335437775,-0.10991162061691284,-0.07704507559537888,0.11216825991868973,-0.07008922100067139,0.029083747416734695,0.002412015339359641,-0.05169520527124405,0.004524084273725748,-0.0803580954670906,0.021895507350564003,-0.05591927096247673,0.031909774988889694,-0.043947696685791016,-0.07917923480272293,-0.13146014511585236,-0.08737917989492416,0.006698292680084705,0.09302221983671188,0.1262166053056717,-0.14475281536579132,0.06706064939498901,-0.0008812736487016082,-0.00020566838793456554,-0.0023223496973514557,0.016750289127230644,0.031259577721357346,0.07697699218988419,0.012841782532632351,-0.20147638022899628,-0.03644636273384094,0.04949401319026947,0.07521340250968933,0.062659353017807,0.024538248777389526,-0.0007965720724314451,-0.01189500093460083,0.01655561663210392,-0.08370927721261978,-0.07823280990123749,0.014525849372148514,0.061968352645635605,0.14628708362579346,0.16004352271556854,0.0647999495267868,0.026532191783189774,-0.1756477952003479,0.01967407390475273,0.03998998552560806,0.10305261611938477,-0.014360961504280567,0.013812724500894547,0.11329644918441772,0.00124360469635576,-0.146247997879982,0.003910555969923735,-0.008621876128017902,-0.15450173616409302,0.010805333964526653,-0.019935110583901405,0.02368229627609253,0.017186367884278297,-0.04939008131623268,-0.1257992833852768,0.06411024928092957,0.06675310432910919,-0.014898713678121567,0.010153884999454021,0.09519604593515396,-0.06617660820484161,-0.05253472551703453,-0.19668179750442505,0.07948831468820572,0.07485495507717133,-0.08672589063644409,0.08311311900615692,0.1054207980632782,0.2038491666316986,0.08410269767045975,0.0009196861647069454,0.05598791688680649,0.06947602331638336,-0.01595691218972206,-0.02371460571885109,0.02000999264419079,-0.029231062158942223,0.041869234293699265,0.18660706281661987,-0.060006849467754364,-0.14610449969768524,-0.016699079424142838,0.12453673034906387,-0.19988009333610535,-0.006398367695510387,0.05909775570034981,-0.09055152535438538,0.015306958928704262,-0.0728483647108078,0.0664258524775505,0.18067499995231628,-0.1254667341709137,-0.04540952667593956,-0.17034582793712616,0.03402039036154747,-0.08729688823223114,0.01653425768017769,-0.06207359582185745,-0.02759634144604206,0.14083760976791382,-0.030358629301190376,-0.19139036536216736,0.03534167259931564,0.013624417595565319,0.11391410231590271,-0.18383461236953735,-0.03006037138402462,-0.12097609788179398,0.011946538463234901,0.009975168853998184,-0.011957308277487755,0.04796277731657028,0.021339621394872665,0.13270467519760132,0.05300512537360191,0.1432400494813919,-0.06683152914047241,modi,5
0.006546094082295895,0.02623778022825718,0.07908985018730164,-0.1468370258808136,0.053886398673057556,0.11010824888944626,-0.014873609878122807,0.12459183484315872,0.07884994894266129,-0.002207850106060505,0.032189931720495224,-0.01215101033449173,0.05715816095471382,-0.043612536042928696,0.031155554577708244,-0.1092023104429245,-0.06032184138894081,0.04357224330306053,-0.12676368653774261,0.056376680731773376,0.1375284641981125,0.0263061560690403,0.017835987731814384,0.004044882487505674,-0.03662531450390816,0.003965814597904682,-0.012325693853199482,-0.07269824296236038,0.030096115544438362,-0.08036043494939804,0.08469036966562271,-0.17559632658958435,0.002568247262388468,0.04348684847354889,0.10122086107730865,0.025251716375350952,0.006508261431008577,0.2074776291847229,-0.04389720410108566,-0.06519713252782822,0.0009583408827893436,0.04999740794301033,-0.14097462594509125,0.12605725228786469,-0.11697930097579956,-0.07347316294908524,-0.037858035415410995,0.057718534022569656,-0.05015154927968979,0.05356480926275253,-0.09468027949333191,0.04936277121305466,-0.12604229152202606,0.038322582840919495,0.07019761949777603,-0.03128363564610481,-0.06823081523180008,0.03731203451752663,-0.11441504210233688,-0.20309363305568695,-0.048060350120067596,-0.12412667274475098,0.13551266491413116,-0.0019461996853351593,0.043587345629930496,-0.13590571284294128,0.03305746987462044,0.16391710937023163,0.0436587855219841,0.14366382360458374,0.13409072160720825,0.04521351680159569,0.0073843891732394695,-0.10271181911230087,-0.060445867478847504,-0.03348145633935928,-0.14680685102939606,0.10618972778320312,0.10962768644094467,0.03180950880050659,-0.11609507352113724,0.08875751495361328,0.06685446947813034,0.034217316657304764,0.01455070823431015,-0.15455584228038788,0.13927963376045227,0.19116297364234924,0.18127813935279846,0.03806423023343086,0.053596381098032,-0.12905253469944,0.0008730149711482227,-0.007973072119057178,-0.04641374945640564,-0.1953045278787613,-0.0015860070707276464,-0.0028467364609241486,-0.11741562187671661,-0.046155888587236404,0.020199036225676537,0.07805368304252625,-0.08194782584905624,-0.061883263289928436,-0.028435638174414635,0.026423020288348198,-0.03650585561990738,-0.08240096271038055,0.1300613284111023,-0.05731135979294777,0.0456044040620327,0.0686655044555664,-0.14271795749664307,0.12201934307813644,0.1426263153553009,0.046044886112213135,-0.08700893819332123,-0.15054117143154144,-0.046860311180353165,0.040945641696453094,0.013048102147877216,0.0695018321275711,-0.0073690894059836864,0.0929773822426796,0.07645810395479202,-0.052736036479473114,0.13773512840270996,0.03931289538741112,modi,19
-0.043196406215429306,0.09463532269001007,0.20681336522102356,-0.06784965097904205,-0.006393009796738625,0.1427413374185562,-0.1140093132853508,0.002445440972223878,0.11104827374219894,-0.12673145532608032,0.01648866757750511,-0.027485741302371025,-0.0708543062210083,-0.03287225961685181,0.04288939759135246,-0.03687853738665581,-0.09955118596553802,-0.06241445243358612,-0.07503611594438553,-0.08845255523920059,0.16279099881649017,0.13681946694850922,-0.10522373765707016,0.004801622126251459,0.06352090835571289,-0.0075227865017950535,-0.009314575232565403,0.011422327719628811,-0.020737165585160255,0.002589465817436576,0.11322466284036636,-0.21561957895755768,0.0019675842486321926,0.026843387633562088,0.1240953803062439,0.12346755713224411,0.019907860085368156,-0.07030999660491943,0.02960892952978611,-0.0017274059355258942,0.0031810549553483725,0.012436412274837494,-0.008386175148189068,-0.018885787576436996,0.12134692817926407,0.06888224184513092,-0.0030250712297856808,-0.055093780159950256,-0.10121574997901917,-0.039204034954309464,-0.04251760244369507,0.09240151196718216,0.005629032850265503,0.02651178278028965,0.07372937351465225,0.04227972403168678,-0.09006108343601227,-0.022673845291137695,-0.1390358805656433,-0.0851844996213913,0.011929946951568127,-0.021372132003307343,0.0076158307492733,-0.005906722508370876,0.04153382033109665,-0.09411244094371796,0.04448347166180611,0.127275288105011,0.026386486366391182,0.18180231750011444,0.14600472152233124,-0.012437282130122185,-0.05702008306980133,-0.24916395545005798,0.05162341520190239,0.11189879477024078,-0.13204671442508698,0.07584872096776962,0.01696944423019886,0.08387947082519531,-0.018997838720679283,0.12092756479978561,0.11944307386875153,0.12892219424247742,-0.04044569283723831,-0.007717103697359562,0.07806484401226044,0.06368373334407806,-0.05189621075987816,0.1475508213043213,-0.00938734132796526,-0.12802204489707947,-0.004354014061391354,0.13404624164104462,-0.14171330630779266,-0.027136433869600296,-0.022069672122597694,-0.08316637575626373,-0.03721235692501068,0.015021087601780891,0.051806844770908356,0.07471201568841934,-0.1582162082195282,-0.13524994254112244,-0.0003423017624299973,0.06038324907422066,-0.012611998245120049,-0.0904332771897316,-0.09123019874095917,-0.030775874853134155,0.02062077634036541,-0.11057718098163605,-0.1278710514307022,0.02861725725233555,0.11929167062044144,0.09102749824523926,-0.17204852402210236,-0.0315156951546669,-0.08902101963758469,0.035372085869312286,0.07470549643039703,0.02892618253827095,0.012502782978117466,-0.015367195010185242,0.16903741657733917,0.09623970836400986,0.20701004564762115,0.03741315007209778,modi,4
0.014539153315126896,0.15436767041683197,0.0266830176115036,-0.13988621532917023,-0.034465242177248,0.17582176625728607,-0.11739766597747803,0.008284607902169228,-0.08249648660421371,-0.028126221150159836,0.014011711813509464,-0.0010608206503093243,0.01645057275891304,-0.08294353634119034,0.0016801225719973445,-0.031047558411955833,-0.10147206485271454,-0.11983662098646164,0.009721570648252964,0.04481988772749901,0.07298990339040756,0.09439896047115326,-0.017449425533413887,0.055125828832387924,-0.023033034056425095,0.037086423486471176,0.08220145106315613,-0.06557338684797287,0.00979937706142664,0.04612325504422188,-0.002465505851432681,-0.26600155234336853,-0.01926332898437977,0.02246944047510624,0.05489377677440643,0.09488547593355179,-0.028707031160593033,-0.014653739519417286,-0.0035462365485727787,0.07008931785821915,-0.12370370328426361,-0.0671522244811058,-0.04278407618403435,0.10382991284132004,0.04472515359520912,0.16255256533622742,0.1236240342259407,0.020089691504836082,-0.23577073216438293,0.10842258483171463,0.030872849747538567,0.09306560456752777,-0.06251902878284454,0.007129381876438856,0.08760150521993637,0.007134731393307447,-0.08854421973228455,0.08761078864336014,-0.07678862661123276,-0.06770137697458267,-0.012710107490420341,0.010797514580190182,0.17722606658935547,-0.057169243693351746,0.0697348564863205,-0.21237105131149292,0.0012367886956781149,0.09924677014350891,-0.047389302402734756,0.12078437209129333,0.07945846766233444,0.0033814182970672846,-0.09876835346221924,-0.14657969772815704,0.05463661998510361,0.0731503888964653,-0.07491584122180939,0.10200171917676926,0.09459175169467926,0.17287571728229523,-0.005615960340946913,-0.0381503663957119,0.038299012929201126,0.08423607796430588,-0.11410803347826004,-0.04607932269573212,0.016887865960597992,-0.03115740977227688,0.05933082476258278,0.15572811663150787,-0.028490781784057617,-0.13963709771633148,-0.024889817461371422,0.16327033936977386,-0.08624991774559021,-0.0345904678106308,0.05523839220404625,-0.027785636484622955,-0.004624080378562212,-0.06551501154899597,0.024913951754570007,0.15321771800518036,-0.18349801003932953,-0.07600652426481247,-0.13275474309921265,0.08840164542198181,-0.0787888690829277,-0.004668760113418102,-0.07415881752967834,-0.03756370022892952,0.13288626074790955,0.010776933282613754,-0.06110047921538353,0.04308309033513069,0.02665908820927143,0.13172896206378937,-0.1320652812719345,-0.04286007210612297,-0.05162687599658966,0.11219383776187897,0.013536540791392326,-0.07346241921186447,0.03422616794705391,-0.0023144013248384,0.08386635035276413,0.09895994514226913,0.13999366760253906,-0.03597153723239899,modi,1
-0.008908976800739765,0.11354255676269531,0.01680518127977848,-0.10606757551431656,-0.007533515337854624,0.20254255831241608,-0.12538576126098633,0.014075616374611855,-0.01941745914518833,-0.020875655114650726,0.08380097150802612,0.03406393155455589,-0.017992893233895302,-0.14216956496238708,-0.03538947179913521,-0.029474690556526184,-0.17416052520275116,-0.0533008947968483,-0.020133303478360176,-0.02257494628429413,0.0857587605714798,0.11673609912395477,-0.02574799209833145,-0.022606348618865013,0.018150165677070618,0.013775515370070934,0.11833738535642624,-0.032852668315172195,-0.009850279428064823,0.022492660209536552,0.03922901302576065,-0.285810261964798,-0.03946525603532791,-0.012123152613639832,0.0571255087852478,0.06768957525491714,-0.08469247072935104,-0.1429077535867691,0.05042500048875809,0.11262168735265732,-0.048600491136312485,-0.07162152230739594,-0.06577129662036896,0.15899460017681122,-0.013312664814293385,0.007013049907982349,0.04978543147444725,0.004557671491056681,-0.12280182540416718,0.08018900454044342,0.04469389468431473,0.11420372873544693,-0.13027282059192657,0.001524610910564661,-0.018191196024417877,0.004120851866900921,-0.08278147131204605,0.025122398510575294,-0.12042804062366486,-0.002839683322235942,-0.028564807027578354,-0.0646391287446022,0.18635588884353638,0.018872959539294243,0.04262040555477142,-0.2497091144323349,0.011661616154015064,0.08670058846473694,0.020247194916009903,0.16822461783885956,0.11048073321580887,0.07093673944473267,-0.03480016440153122,-0.164059579372406,0.008120889775454998,0.05387953668832779,-0.11829369515180588,0.08906646072864532,-0.018475301563739777,0.17491917312145233,0.00855877622961998,-0.025108184665441513,0.13173894584178925,0.16897587478160858,-0.14275012910366058,0.014793592505156994,0.08756788820028305,0.005479646380990744,0.022347040474414825,0.07042469084262848,-0.06283391267061234,-0.12389329820871353,-0.07660796493291855,0.15560106933116913,-0.11037931591272354,-0.11865270137786865,-0.03313463181257248,-0.058993514627218246,-0.0524178184568882,-0.03274032846093178,0.012005310505628586,0.11348292976617813,-0.1346243917942047,-0.10673468559980392,0.012713109143078327,0.06493084132671356,-0.013009369373321533,0.04284033551812172,-0.08751177787780762,0.0014976736856624484,0.06394454091787338,-0.049329981207847595,-0.04583105444908142,0.08730904012918472,0.023748166859149933,0.09342927485704422,-0.10313078761100769,0.049147557467222214,-0.019200634211301804,0.08743596076965332,0.03182097151875496,-0.08191760629415512,0.004167535807937384,-0.03315264359116554,0.10942959785461426,0.06973151117563248,0.14012424647808075,0.09163375198841095,modi,17
0.033752892166376114,0.12939976155757904,0.023658236488699913,-0.05482254922389984,-0.053426239639520645,0.1965014487504959,-0.006137372925877571,0.015606801025569439,0.05017911642789841,-0.11640794575214386,0.018303344026207924,0.004960495047271252,0.011593756265938282,-0.1436585932970047,-0.0164001677185297,-0.047131672501564026,-0.2136562615633011,-0.10045589506626129,-0.13931123912334442,-0.03885906562209129,0.06160064414143562,0.1477544605731964,-0.07114987820386887,-0.03161011263728142,-0.05165688320994377,-0.07890300452709198,0.01070459559559822,-0.05949416756629944,-0.10306770354509354,0.09380127489566803,-0.014512976631522179,-0.16488315165042877,-0.03025636076927185,0.05790041387081146,0.07121352851390839,0.029793670400977135,0.03569846972823143,-0.11683797836303711,-0.08910209685564041,0.06776930391788483,0.001902533695101738,-0.10078319162130356,0.03963938727974892,0.12530240416526794,-0.0013412203406915069,0.0525016225874424,0.07894523441791534,-0.00854609813541174,-0.12005352228879929,0.13679102063179016,0.07796638458967209,-0.027296263724565506,-0.05038914829492569,0.06307855248451233,0.08880332857370377,0.01251363754272461,-0.13193267583847046,-0.023174969479441643,-0.025092467665672302,-0.0633394867181778,-0.04389400780200958,-0.02748759835958481,0.06622310727834702,-0.03932589292526245,0.032928965985774994,-0.18012745678424835,0.044691335409879684,0.00939961802214384,-0.03143482655286789,0.05646880343556404,0.08096384257078171,-0.03010537102818489,0.01685565710067749,-0.1576635241508484,0.02800160087645054,0.10770309716463089,-0.09631006419658661,-0.017681360244750977,-0.024682046845555305,0.158527210354805,0.12707866728305817,-0.062471963465213776,0.03722076863050461,0.11079706996679306,-0.09453711658716202,0.08498594164848328,0.036750685423612595,-0.09222275018692017,-0.05248365178704262,0.19253331422805786,-0.055275462567806244,-0.2100612223148346,-0.11889281868934631,0.015110502019524574,-0.21461310982704163,0.0177768524736166,-0.0014612952945753932,-0.069068543612957,0.027967574074864388,0.03547319024801254,0.05451992154121399,0.12462576478719711,-0.04121501371264458,-0.09168946743011475,-0.09067443758249283,-0.014374529011547565,-0.09795240312814713,0.09604999423027039,-0.22204601764678955,0.0502459816634655,0.09845387935638428,-0.07129018008708954,-0.09210678935050964,-0.02862870693206787,-0.05228116363286972,0.10236623138189316,-0.0768289566040039,0.07659537345170975,-0.056140314787626266,0.044224441051483154,0.07273360341787338,-0.05260796099901199,0.0855577290058136,0.023213425651192665,0.19566424190998077,0.0008100424893200397,0.13624536991119385,0.022284679114818573,modi,7
0.03554421290755272,0.10566211491823196,0.13795000314712524,-0.0999370589852333,-0.05614771693944931,0.17216961085796356,-0.07126237452030182,0.014701765961945057,-0.007772775832563639,-0.14354179799556732,0.04267243295907974,-0.03750887140631676,-0.006703820079565048,-0.1198507621884346,-0.014872713945806026,-0.037930600345134735,-0.20190180838108063,-0.04365693777799606,-0.11934555321931839,-0.06347086280584335,0.18543922901153564,0.16193555295467377,-0.062371011823415756,-0.0344206802546978,0.004998492076992989,0.007471138145774603,0.011205734685063362,-0.05361469089984894,-0.006216028705239296,0.05065830051898956,0.0292776208370924,-0.22901909053325653,-0.0522269569337368,0.05473656207323074,0.14581693708896637,0.014017187990248203,-0.04593849554657936,-0.0214991495013237,0.028897926211357117,0.014590165577828884,-0.06595251709222794,-0.05191049724817276,-0.018826421350240707,0.16367436945438385,0.04539121314883232,0.027841389179229736,0.054119136184453964,-0.017191961407661438,-0.18234819173812866,0.06297936290502548,0.01391959935426712,0.06443843990564346,-0.041082702577114105,0.052197739481925964,0.039207037538290024,-0.025861693546175957,-0.07871931791305542,0.026060540229082108,-0.09178324788808823,-0.14208976924419403,0.008912179619073868,-0.046513136476278305,0.12937790155410767,0.06793300062417984,0.016111554577946663,-0.167192742228508,0.03753228113055229,0.05453087389469147,0.005529478192329407,0.12703406810760498,0.09607978165149689,-0.039060939103364944,-0.007611971814185381,-0.17828477919101715,-0.02153906039893627,-0.004315074998885393,-0.15183013677597046,-0.03317881003022194,0.03173239901661873,0.21213720738887787,0.08227565139532089,-0.006610088516026735,0.0725356861948967,0.05435318127274513,-0.09382791817188263,-0.04070311784744263,0.06045227870345116,-0.025825971737504005,-0.003833543509244919,0.15551261603832245,0.024039624258875847,-0.15479442477226257,-0.10132141411304474,0.07535064220428467,-0.17117847502231598,-0.029314778745174408,-0.01105595100671053,-0.006164352875202894,-0.025854559615254402,-0.0029899722430855036,0.04762133210897446,0.16029153764247894,-0.09513235092163086,-0.07566999644041061,-0.03402886912226677,0.0068916198797523975,-0.03005555085837841,0.06304090470075607,-0.04298098012804985,-0.048645298928022385,0.11374862492084503,-0.046619970351457596,-0.18775324523448944,0.04190584272146225,0.07878103107213974,0.1310611069202423,-0.10554768890142441,0.008957885205745697,-0.027489539235830307,0.026494529098272324,0.04696877300739288,-0.02793736383318901,0.05449152737855911,-0.019028039649128914,0.1698421984910965,0.004925921559333801,0.2273893505334854,0.03088056854903698,modi,2
-0.07743637263774872,0.08755911141633987,0.17378951609134674,-0.15212857723236084,-0.007076548878103495,0.15626592934131622,-0.15058866143226624,-0.018234916031360626,0.03455650433897972,-0.03276098147034645,-0.01485284510999918,-0.024987293407320976,-0.02399223856627941,-0.026780208572745323,0.08373040705919266,-0.011390935629606247,-0.15136340260505676,-0.07039083540439606,-0.007861759513616562,-0.09029720723628998,0.13250130414962769,0.1755554974079132,-0.03630317747592926,0.058913763612508774,0.007009090390056372,0.06373090296983719,0.033279240131378174,-0.06848935037851334,0.02680572308599949,0.029332609847187996,0.08508186042308807,-0.20359303057193756,0.006834352854639292,0.021543923765420914,0.11379052698612213,0.12695863842964172,-0.003936305176466703,-0.03890044242143631,0.042452629655599594,0.08557656407356262,-0.04840174689888954,-0.03663727641105652,-0.078500896692276,-0.0026547082234174013,0.09577880054712296,0.12414103746414185,0.05269965901970863,0.015756744891405106,-0.1294218748807907,-0.02358618564903736,0.0005056161317043006,0.09799083322286606,0.034270741045475006,-0.0026931341271847486,0.06267690658569336,0.06635793298482895,0.019716909155249596,0.028098205104470253,-0.12824773788452148,-0.04993205517530441,0.004098357167094946,0.010648120194673538,0.050502825528383255,0.03016512654721737,0.052639566361904144,-0.15147672593593597,0.029534045606851578,0.14313365519046783,0.048883963376283646,0.18357117474079132,0.07067681849002838,0.0011968548642471433,-0.12497863918542862,-0.19637411832809448,0.07660786807537079,0.08480460941791534,-0.16781117022037506,0.07938440889120102,0.059848982840776443,0.11824212223291397,0.03391372039914131,0.0981074795126915,0.09239587932825089,0.1357041746377945,-0.06890009343624115,-0.05315392091870308,0.08916926383972168,0.048541367053985596,-0.04451189562678337,0.14159029722213745,-0.008827276527881622,-0.053688809275627136,0.022250767797231674,0.17112363874912262,-0.14910387992858887,-0.0011443153489381075,-0.03893938660621643,-0.02021082490682602,0.024702630937099457,-0.01081939972937107,0.10857275873422623,0.07089736312627792,-0.18449053168296814,-0.1179177537560463,-0.010920459404587746,0.02027379535138607,-0.07658003270626068,-0.12066307663917542,-0.05652686208486557,-0.011260117404162884,0.06237655505537987,-0.03218648210167885,-0.1064312532544136,-0.02446758560836315,0.07585912942886353,0.1723424345254898,-0.15809032320976257,-0.06083349511027336,-0.10839017480611801,0.08222640305757523,0.11758068203926086,-0.030618878081440926,0.005052541848272085,-0.05426745489239693,0.020566696301102638,0.1481860727071762,0.11270645260810852,0.051598306745290756,modi,3
-0.01953783445060253,0.22109383344650269,0.026971712708473206,-0.15095272660255432,-0.12345382571220398,0.1353096067905426,-0.1574598103761673,-0.05181227624416351,0.019793590530753136,-0.08106163144111633,0.025119327008724213,-0.07936161011457443,0.019258759915828705,-0.05959050729870796,-0.026773041114211082,-0.0050569563172757626,-0.1568939983844757,-0.18377576768398285,-0.06806683540344238,-0.0007988970028236508,0.058389466255903244,0.09735679626464844,-0.06755919009447098,0.005274621304124594,-0.04162166267633438,0.09585586935281754,0.0743994265794754,-0.02150368131697178,-0.01060488447546959,0.030517008155584335,0.03323052078485489,-0.19086888432502747,-0.021457096561789513,0.0601380318403244,0.05110111087560654,0.11217851936817169,0.07002725452184677,0.07433485984802246,0.04982295259833336,0.10136248916387558,-0.11998753994703293,-0.09787861257791519,0.011170572601258755,0.06150779873132706,0.15044626593589783,0.11631003767251968,0.14020578563213348,0.037869133055210114,-0.19313013553619385,0.09696902334690094,-0.015528110787272453,0.07327626645565033,-0.03614730387926102,0.0823931023478508,0.10371696203947067,0.004930910654366016,-0.09107563644647598,0.04540010914206505,-0.039690177887678146,-0.17916250228881836,-0.02555662952363491,-0.0075492556206882,0.15741372108459473,-0.02692193165421486,-0.027697550132870674,-0.09821312129497528,0.0834595337510109,0.10009803622961044,0.03157169371843338,0.06517620384693146,0.03917454183101654,-0.06730629503726959,-0.06733940541744232,-0.08489172160625458,0.14022162556648254,-0.00396947143599391,-0.10316714644432068,0.056659311056137085,0.05072643235325813,0.1684447079896927,0.08758751302957535,0.029979534447193146,0.026805628091096878,0.03856461122632027,-0.12518863379955292,0.008080380968749523,0.0008580261492170393,-0.03976619616150856,0.07460688799619675,0.14544235169887543,-0.011556385084986687,-0.19448672235012054,0.028700079768896103,0.09646082669496536,-0.11336910724639893,-0.00590167474001646,0.021320756524801254,-0.008577595464885235,0.04025920107960701,-0.056326862424612045,-0.01870419643819332,0.10010159760713577,-0.1588304340839386,-0.005127726122736931,-0.11831248551607132,0.06504940241575241,-0.1259845644235611,0.03337431699037552,-0.12791378796100616,-0.04053303599357605,0.1228412464261055,0.04054024815559387,-0.13275060057640076,0.06303014606237411,0.00791016686707735,0.10678400099277496,-0.14265966415405273,-0.050123509019613266,-0.03954266756772995,-0.0008733426802791655,0.06917189061641693,0.0028838221915066242,0.13251864910125732,0.02700381726026535,0.07390832155942917,0.022198092192411423,0.11912699043750763,-0.01645820401608944,modi,8
-0.02638285979628563,0.11396747082471848,0.16465900838375092,-0.07969513535499573,-0.003119095927104354,0.16461753845214844,-0.05102561414241791,-0.019331425428390503,0.0318593867123127,-0.10472110658884048,-0.020948253571987152,0.006049514282494783,-0.042470164597034454,-0.1261349767446518,0.021719586104154587,-0.03283393383026123,-0.2453487068414688,-0.0989098995923996,-0.09171115607023239,-0.04438668489456177,0.1540696620941162,0.15431362390518188,-0.13759289681911469,0.035708826035261154,0.02123113162815571,0.043658968061208725,-0.05778734013438225,-0.06989482045173645,0.009602620266377926,0.0784439817070961,0.04573032259941101,-0.1618957221508026,-0.09420645982027054,0.05195535719394684,0.11855178326368332,0.08452725410461426,-0.010322936810553074,-0.08436708897352219,0.015462273731827736,0.03311691805720329,0.02821298874914646,-0.06337177753448486,0.015033797360956669,0.08370286971330643,0.09286129474639893,0.08196082711219788,0.11577556282281876,-0.01130068488419056,-0.13111285865306854,0.01902632787823677,0.010254519991576672,0.047009002417325974,-0.02850380167365074,0.0332777202129364,0.1636843979358673,0.022764913737773895,-0.10660257935523987,0.03471970930695534,-0.09388797730207443,-0.1120382621884346,0.026063676923513412,-0.016672631725668907,0.08397581428289413,0.058154769241809845,0.02400526963174343,-0.15089887380599976,0.06623044610023499,0.03816728666424751,0.0481436550617218,0.11639296263456345,0.07967862486839294,0.04160325601696968,-0.024026263505220413,-0.11767126619815826,0.05326563119888306,0.052372660487890244,-0.14720356464385986,0.06679549068212509,0.04918699711561203,0.16523893177509308,0.11794154345989227,0.10353480279445648,0.0894344300031662,0.10648281127214432,-0.058825865387916565,-0.03161044046282768,0.10026168823242188,0.039503440260887146,-0.02173428051173687,0.1617128700017929,0.01733127422630787,-0.09870696067810059,-0.06371721625328064,0.08084431290626526,-0.22214487195014954,-0.002957161283120513,0.007935794070363045,-0.052284035831689835,0.041668154299259186,-0.007324657402932644,0.04600387439131737,0.09991978853940964,-0.10756022483110428,-0.10401538759469986,-0.10494403541088104,0.042737942188978195,-0.08689887821674347,0.0314316526055336,-0.10711734741926193,0.034767668694257736,0.12039712816476822,-0.0340014323592186,-0.20337580144405365,-0.02712106704711914,0.061776965856552124,0.13416235148906708,-0.11374107003211975,-0.03861026093363762,-0.1116841658949852,0.0253611970692873,0.09584923088550568,0.03609488531947136,0.08505196869373322,-0.027293099090456963,0.05231032893061638,0.09125500917434692,0.1577577143907547,0.028358321636915207,modi,13
-0.05150505155324936,0.1667073369026184,0.13586914539337158,-0.11730968952178955,-0.08856348693370819,0.10314447432756424,-0.08082271367311478,-0.037034086883068085,0.026407461613416672,0.027336379513144493,0.05103674158453941,-0.09314913302659988,-0.05496721714735031,-0.007671963889151812,0.11120517551898956,-0.05599188804626465,-0.13425113260746002,-0.10134094208478928,0.02072618342936039,-0.11813173443078995,-0.022961562499403954,0.20098663866519928,-0.12801313400268555,0.0753064975142479,-0.013174622319638729,0.03389626741409302,0.11434686928987503,0.034998759627342224,0.07581818103790283,0.01983007788658142,-0.023029886186122894,-0.21606485545635223,-0.035022150725126266,-0.013356943614780903,0.0569697730243206,0.13477417826652527,0.04108312353491783,-0.12135827541351318,-0.01489105075597763,0.1627616137266159,-0.00952336098998785,-0.08686864376068115,-0.07708724588155746,0.020257331430912018,0.08152999728918076,0.22315232455730438,0.05307270213961601,0.038631316274404526,-0.11201764643192291,-0.06927358359098434,0.04456588625907898,0.16282567381858826,-0.02048175036907196,-0.004621272906661034,0.050006575882434845,0.07978051155805588,-0.049720052629709244,-0.005991226527839899,-0.03560800850391388,0.024919087067246437,-0.00291417702101171,-0.0097337756305933,0.010537990368902683,0.07049177587032318,-0.012729941867291927,-0.10534276068210602,0.10753665864467621,0.03819665312767029,0.10415289551019669,0.16142453253269196,0.048518914729356766,-0.016576042398810387,-0.04110317677259445,-0.12110572308301926,0.16525238752365112,0.05969781056046486,-0.15308143198490143,0.1696198433637619,0.011328211054205894,0.03988873213529587,0.1281086802482605,0.0905330702662468,0.05203031748533249,0.08330133557319641,-0.02493721805512905,0.029803361743688583,0.05020255595445633,-0.04723701626062393,-0.11027027666568756,0.16199591755867004,-0.01603817380964756,-0.04229775816202164,0.01690705306828022,0.07532624155282974,-0.16721458733081818,-0.039279866963624954,0.01596168801188469,-0.12158221006393433,0.16668635606765747,-0.03767777234315872,0.05331192538142204,0.11553101986646652,-0.06772628426551819,-0.13423453271389008,-0.06624551117420197,0.014554478228092194,-0.05942519009113312,-0.0486794114112854,-0.12218917906284332,0.017969617620110512,0.13495895266532898,-0.03606153652071953,-0.055998098105192184,-0.06626678258180618,-0.010601491667330265,0.09872975945472717,-0.13015137612819672,-0.055714499205350876,-0.10388797521591187,-0.024424156174063683,0.09958072751760483,-0.07726804912090302,0.009467820636928082,0.01028010156005621,0.0495295487344265,0.13400381803512573,0.05152865871787071,0.0437493659555912,modi,16
-0.0013242160202935338,0.21495452523231506,0.14284594357013702,-0.09547050297260284,-0.03931586071848869,0.17464685440063477,-0.056285109370946884,-0.02923603728413582,0.08199690282344818,-0.06380783021450043,0.09125348925590515,-0.06837553530931473,0.0058790575712919235,-0.08506380766630173,0.06384918093681335,-0.08184853941202164,-0.17682425677776337,-0.04569162800908089,-0.1674688756465912,-0.08641016483306885,0.06538542360067368,0.16789373755455017,-0.07348490506410599,-0.029838265851140022,0.026156779378652573,-0.10518211126327515,0.004355506971478462,0.08189985901117325,0.02319767139852047,0.046131882816553116,0.08207240700721741,-0.22690054774284363,-0.040274690836668015,0.045374684035778046,0.11669846624135971,0.051928166300058365,0.00549303088337183,-0.06859350949525833,0.022042974829673767,0.07391301542520523,-0.005747609306126833,-0.06723879277706146,-0.02783147059381008,0.09167186170816422,0.005147184245288372,0.006101334933191538,-0.01912829466164112,0.06507458537817001,-0.10417431592941284,0.06632108241319656,0.001532787922769785,0.13225553929805756,-0.09260424971580505,0.016572704538702965,-0.030589189380407333,-0.006841178517788649,-0.1573001593351364,-0.01401691697537899,-0.11642278730869293,-0.07753219455480576,-0.09557021409273148,-0.04047990217804909,0.08089903742074966,0.02101493626832962,-0.0327998548746109,-0.07827591896057129,0.07812013477087021,0.06245890632271767,-0.06448308378458023,0.12866932153701782,0.14562338590621948,-0.0015679834177717566,0.015394022688269615,-0.1330956667661667,0.045616354793310165,0.027909984812140465,-0.13573145866394043,-0.04046586900949478,0.019100764766335487,0.16060204803943634,0.10319040715694427,-0.01199093647301197,0.1030544713139534,0.12341973930597305,-0.057076308876276016,0.01131831668317318,0.032280150800943375,-0.03806092217564583,-0.001112869824282825,0.17601874470710754,-0.0038741426542401314,-0.19287197291851044,-0.021060200408101082,0.07155656814575195,-0.184099018573761,-0.13092878460884094,-0.0761306956410408,-0.07382231205701828,-0.022935990244150162,-0.013465574942529202,0.048676811158657074,0.13492140173912048,-0.06766605377197266,-0.09447728842496872,-0.027106033638119698,0.05848183482885361,-0.011120323091745377,0.054733991622924805,-0.009332992136478424,0.0043245055712759495,0.10590225458145142,-0.05139560252428055,-0.14167746901512146,0.12691962718963623,0.002628165762871504,0.06416281312704086,-0.10984399169683456,0.10912244021892548,-0.013829508796334267,0.04873386770486832,0.08132457733154297,-0.06387606263160706,-0.007406334392726421,0.0433027446269989,0.17539763450622559,0.0038914212491363287,0.17933842539787292,0.04801278933882713,modi,15
-0.045308444648981094,0.1376371532678604,0.17308682203292847,-0.12619243562221527,-0.03207337483763695,0.18047595024108887,-0.11161873489618301,-0.05523306876420975,-0.0022748049814254045,-0.0684359148144722,0.06739944219589233,-0.04373566061258316,-0.061811693012714386,-0.11463577300310135,0.03914758563041687,-0.01618010923266411,-0.21680797636508942,0.024561066180467606,-0.057613637298345566,-0.14185714721679688,0.12437937408685684,0.19679363071918488,-0.035168010741472244,-0.07031577825546265,0.014030440710484982,0.0429934561252594,0.03934420645236969,-0.027562029659748077,0.05263181030750275,-0.0010603985283523798,0.07338880747556686,-0.22540435194969177,-0.04090083763003349,0.0038015185855329037,0.1807778775691986,0.07088544964790344,-0.0424216128885746,-0.08536060899496078,0.10896733403205872,0.08744854480028152,-0.03133094683289528,-0.04364603012800217,-0.06012444198131561,0.11383793503046036,0.014987030997872353,0.04914328083395958,0.04598662257194519,-0.0034209757577627897,-0.1828819364309311,-0.012613196857273579,-0.028079519048333168,0.11791469901800156,-0.06153906136751175,0.027078352868556976,-0.06341120600700378,0.018374916166067123,-0.009786412119865417,0.01313865464180708,-0.1739347130060196,-0.018126310780644417,-0.021957313641905785,-0.02219575271010399,0.14448165893554688,0.06468465924263,0.07771683484315872,-0.15455766022205353,0.0289181899279356,0.05367652326822281,0.013837446458637714,0.22771435976028442,0.10620743781328201,0.002107595792040229,-0.01940428838133812,-0.13896891474723816,0.01015016995370388,-0.018688155338168144,-0.19689352810382843,0.010275843553245068,-0.010209368541836739,0.0906384140253067,0.0611223429441452,0.07244814187288284,0.0895380899310112,0.11776875704526901,-0.13195474445819855,-0.01862010732293129,0.060475390404462814,-0.013086427934467793,-0.07553479820489883,0.1309243142604828,0.0498519241809845,-0.08742950856685638,-0.051097821444272995,0.09741021692752838,-0.10772203654050827,-0.06073731184005737,-0.06242255121469498,0.017261777073144913,-0.02798580192029476,0.03264450654387474,0.021112214773893356,0.1009107381105423,-0.13073691725730896,-0.10487893968820572,0.09169378131628036,0.03683825954794884,0.038098275661468506,0.01706704869866371,-0.009173565544188023,-0.018108824267983437,0.0626455768942833,-0.07016083598136902,-0.10294004529714584,0.05113126337528229,0.08082457631826401,0.09784744679927826,-0.09976767748594284,0.007433262653648853,-0.0002152129600290209,0.030857570469379425,0.10519763082265854,-0.07883837074041367,0.01191589143127203,-0.03986499831080437,0.12035522609949112,0.05391024425625801,0.16832822561264038,0.07341807335615158,modi,6
-0.12314135581254959,0.15424560010433197,0.18761003017425537,-0.10715793818235397,-0.019081592559814453,-0.029803209006786346,-0.09542907029390335,-0.06870804727077484,0.033399779349565506,-0.021972693502902985,-0.019234059378504753,-0.014457340352237225,-0.025243664160370827,0.049691375344991684,0.1329324096441269,-0.08583655953407288,-0.08163560926914215,-0.13473930954933167,0.0499078631401062,0.013554198667407036,0.01875367946922779,0.13484394550323486,-0.11781472712755203,0.11781419068574905,0.03360915556550026,0.09444288164377213,-0.014850310049951077,0.013771513476967812,0.06396088004112244,0.08090613782405853,0.04546063765883446,-0.16076961159706116,0.06626419723033905,0.02745944634079933,0.06354685872793198,0.13674429059028625,0.11053399741649628,0.03272460028529167,0.009488200768828392,0.0930015817284584,0.026962965726852417,-0.006276261992752552,0.02411671355366707,-0.01116052083671093,0.0680646151304245,0.21294356882572174,0.14754892885684967,-0.024072714149951935,-0.04777565971016884,-0.05736937001347542,-0.03894016891717911,0.0760069191455841,0.008166804909706116,0.013597174547612667,0.1856553554534912,0.08773418515920639,-0.09963174909353256,0.036182936280965805,-0.0884309932589531,-0.04588275030255318,0.0012495099799707532,-0.0351267047226429,-0.038739316165447235,0.06007172912359238,0.0009926221100613475,-0.08840979635715485,0.09910354763269424,0.03237327188253403,0.06808101385831833,0.039495259523391724,0.07940445840358734,-0.009986255317926407,-0.07409824430942535,-0.05801807716488838,0.2030346393585205,0.095704086124897,-0.152329683303833,0.14595676958560944,0.1043841615319252,0.06798652559518814,0.016669364646077156,0.1732158213853836,0.06354086101055145,0.13526302576065063,0.03798884525895119,-0.06005948409438133,0.07441487163305283,0.03558965027332306,-0.03108871728181839,0.09008491784334183,-0.03313808888196945,-0.04654819890856743,0.12384716421365738,0.048288263380527496,-0.14659301936626434,-0.0964478924870491,-0.006371346302330494,-0.04988441988825798,0.10351460427045822,-0.09133080393075943,-0.06117049977183342,0.07542601972818375,-0.05840883031487465,-0.05573587864637375,-0.16413618624210358,0.06573104858398438,-0.09300651401281357,-0.039350252598524094,-0.030890148133039474,0.010469452477991581,0.10738638043403625,-0.06410319358110428,-0.20058093965053558,-0.012326451018452644,-0.056989703327417374,0.08203968405723572,-0.08742013573646545,-0.19427870213985443,-0.15652240812778473,0.03541720658540726,0.10567083209753036,0.09804780036211014,-0.06585929542779922,0.03800460696220398,-0.06356356292963028,0.10875626653432846,0.056961219757795334,0.030931521207094193,modi,11
-0.04570667818188667,0.11066102236509323,0.0782211646437645,-0.15490864217281342,0.1028914675116539,0.009014942683279514,-0.09039094299077988,-0.06512590497732162,0.015102418139576912,-0.0671507865190506,0.024083225056529045,-0.0032065538689494133,-0.06530355662107468,0.11036410182714462,0.06852471083402634,0.0862787738442421,0.07232683151960373,-0.003133150516077876,0.02757260762155056,-0.03867461159825325,0.03998030349612236,0.2843519449234009,-0.022905725985765457,-0.0004521133960224688,-0.027239905670285225,0.03355181962251663,0.09983879327774048,0.1530512273311615,0.21209649741649628,0.0575370118021965,0.03191269561648369,-0.10671112686395645,0.06734657287597656,-0.01947188377380371,0.07776197791099548,0.14837437868118286,0.07482682913541794,-0.08461862057447433,0.04440269619226456,0.1324445903301239,-0.06259208172559738,0.14099910855293274,0.07584532350301743,0.008790063671767712,0.034434594213962555,0.12036586552858353,0.0755498930811882,0.005938441026955843,-0.0031202659010887146,0.012417242862284184,-0.08914507925510406,0.09180896729230881,-0.11288118362426758,0.0009223232045769691,-0.018243230879306793,0.059737466275691986,-0.04851265624165535,0.0968533307313919,-0.18247054517269135,0.14615723490715027,-0.08280918002128601,0.0005321426433511078,0.0992053896188736,-0.026516061276197433,0.05943054333329201,-0.13649365305900574,-0.014730693772435188,-0.04503711685538292,-0.03339974582195282,0.17843611538410187,0.06697656214237213,0.003347488585859537,-0.031137844547629356,-0.01119313482195139,0.04228507727384567,0.013198642991483212,0.012862592935562134,0.11276215314865112,-0.0508618988096714,-0.19136348366737366,0.16330431401729584,0.19300416111946106,0.029138339683413506,0.1237449198961258,0.016735391691327095,-0.046228040009737015,-0.059738460928201675,0.01907706819474697,-0.08296532928943634,0.13193558156490326,0.09838241338729858,-0.014209974557161331,-0.12024833261966705,0.11009284853935242,0.22272056341171265,0.03480978310108185,-0.06837547570466995,0.07105894386768341,-0.03107433393597603,0.07756122201681137,-0.10698745399713516,-0.008323279209434986,-0.07974991947412491,-0.050159893929958344,-0.07733697444200516,0.11677822470664978,0.008901272900402546,-0.16236905753612518,0.0682690218091011,-0.026395021006464958,0.027783717960119247,-0.08157739788293839,-0.006205146200954914,0.14129841327667236,0.020561186596751213,0.03036053106188774,0.11391465365886688,-0.049786489456892014,-0.06003658473491669,0.0856904461979866,0.0554242879152298,0.005799272563308477,0.05442802980542183,-0.00692715123295784,-0.08798056095838547,0.06335630267858505,0.04454588517546654,-0.01723402366042137,kejriwal,12
0.0052467226050794125,0.16414393484592438,0.05390722304582596,0.019710298627614975,0.1303188055753708,0.1294224113225937,-0.04841754585504532,-0.1818944662809372,-0.02748517133295536,-0.05846378207206726,0.021655220538377762,-0.04368891566991806,-0.13285395503044128,0.010279147885739803,0.06843912601470947,0.014279060065746307,-0.008648696355521679,0.08731836825609207,0.03530418872833252,-0.06153083220124245,0.03653743490576744,0.10048961639404297,0.027605216950178146,-0.08681337535381317,0.11289472132921219,-0.09549017995595932,-0.03382490202784538,0.03593041002750397,0.06614972651004791,0.037790294736623764,0.057066697627305984,-0.06609664857387543,-0.008703535422682762,-0.0478552021086216,0.1865701973438263,0.1488303691148758,-0.007225607987493277,-0.17216068506240845,0.025250382721424103,-0.07416266947984695,-0.012552454136312008,0.03912248834967613,0.07417215406894684,0.020221570506691933,-0.06448624283075333,0.2347378432750702,0.08594076335430145,0.02751232497394085,-0.15562103688716888,-0.023676704615354538,-0.05812693014740944,0.12480656802654266,-0.02237364649772644,-0.06639210879802704,-0.0073886653408408165,0.025451095774769783,-0.052126023918390274,0.023739216849207878,-0.11355149745941162,0.08541519194841385,-0.04286713898181915,0.07485359162092209,0.12013600021600723,-0.0915064662694931,0.18244454264640808,-0.02902374044060707,-0.07418574392795563,0.015705101191997528,-0.08595060557126999,0.3054609000682831,0.11344639956951141,0.07170990854501724,-0.014093531295657158,-0.12515342235565186,-0.028681457042694092,0.04812861233949661,-0.04300079122185707,0.051385894417762756,-0.07771234214305878,-0.1467733532190323,0.03376777470111847,0.1376177817583084,-0.06545791029930115,0.05058622360229492,-0.07066407799720764,0.02513333223760128,-0.11646910011768341,-0.027552198618650436,-0.1402236968278885,0.198201984167099,0.14244551956653595,-0.020913656800985336,-0.11891019344329834,0.020991235971450806,0.07734476774930954,-0.011842734180390835,-0.02032204158604145,0.06882116943597794,0.021615000441670418,0.020592650398612022,-0.009924951940774918,0.04757101461291313,-0.026140442118048668,-0.17401009798049927,-0.04428643733263016,0.13451452553272247,0.09057583659887314,-0.007682660594582558,0.05341619625687599,0.04919799789786339,0.03587374836206436,-0.08188343793153763,0.03412824496626854,0.01004533376544714,0.11210326850414276,-0.02639792300760746,-0.0367044173181057,-0.001752991578541696,0.06101188808679581,0.08499010652303696,0.07262027263641357,-0.04353504255414009,0.03881404176354408,0.03251082822680473,0.09481899440288544,0.08166283369064331,0.19199182093143463,-0.03215895593166351,kejriwal,10
-0.0056555746123194695,0.06038690358400345,0.11365719884634018,0.0138999093323946,0.1781364232301712,0.1452176570892334,-0.06534111499786377,-0.1489139199256897,-0.015580350533127785,-0.0976632609963417,0.01691044680774212,-0.019431011751294136,-0.11472540348768234,-0.11245936155319214,0.11813512444496155,0.10214594006538391,-0.10582547634840012,0.021003492176532745,0.017388463020324707,-0.0387643501162529,0.11950851231813431,0.13857626914978027,0.08757341653108597,-0.07791253924369812,0.14353682100772858,0.007446420378983021,-0.06295844167470932,-0.09796459227800369,0.13046680390834808,-0.018342653289437294,0.15670110285282135,-0.02619386650621891,-0.020234886556863785,-0.007935715839266777,0.19190852344036102,0.10429299622774124,-0.012300224043428898,-0.09073389321565628,0.11001484096050262,-0.08668667078018188,0.08132506161928177,0.002774634165689349,0.03621920198202133,0.05218086391687393,-0.09175598621368408,0.10731835663318634,0.09098179638385773,0.020776011049747467,-0.09369467943906784,-0.03767525032162666,-0.09970083087682724,0.05246444791555405,0.011529439128935337,-0.06269146502017975,0.008651829324662685,-0.012395061552524567,0.02436252497136593,0.037623412907123566,-0.1567828208208084,0.04363665357232094,-0.08694643527269363,0.0041697388514876366,0.1345818042755127,-0.03287431597709656,0.17952874302864075,-0.02415587566792965,-0.058976322412490845,0.011848576366901398,-0.013563293032348156,0.22621913254261017,0.03046225570142269,0.14376632869243622,-0.055169250816106796,-0.060461822897195816,-0.00742554385215044,-0.0517440028488636,-0.08954259008169174,0.05158209428191185,-0.060350436717271805,0.03339223191142082,0.08602799475193024,0.13937252759933472,0.03044024109840393,0.07482726871967316,-0.02465498261153698,-0.050854235887527466,-0.011835678480565548,0.09089082479476929,-0.15499769151210785,0.10072710365056992,0.2035265564918518,0.06198027357459068,-0.16844649612903595,0.06420230120420456,0.00515942694619298,-0.02690439112484455,-0.05906632915139198,0.13484987616539001,-0.02788296714425087,-0.0070104035548865795,-0.010300188325345516,-0.054645612835884094,-0.05144958570599556,-0.13482405245304108,0.018621224910020828,0.08933984488248825,0.11828034371137619,0.02397257275879383,0.18182747066020966,0.04528621956706047,0.004697127267718315,0.0009595567244105041,-0.05249590799212456,0.011633623391389847,0.1676614135503769,0.01141806598752737,-0.05717330798506737,-0.012234758585691452,-0.013073146343231201,0.12479668855667114,0.11574333906173706,0.03420321270823479,0.042315464466810226,0.017993463203310966,-0.013545405119657516,0.07820414006710052,0.18811632692813873,0.05377325788140297,kejriwal,20
0.031528737396001816,0.15611010789871216,0.04059367999434471,0.07600793242454529,0.11696434020996094,0.11388637870550156,-0.030257849022746086,-0.2549971640110016,0.01712561398744583,-0.04929249733686447,0.06344783306121826,0.016801858320832253,-0.1463504135608673,0.009991339407861233,-0.008738541975617409,0.03206987679004669,0.02016639895737171,0.18650458753108978,-0.018443644046783447,-0.1061718538403511,0.04285215586423874,0.11881575733423233,-0.021455248817801476,-0.014231940731406212,0.14722266793251038,-0.09826260060071945,-0.0134799275547266,0.0826607272028923,0.06197118014097214,0.11255370825529099,0.056958869099617004,-0.013993348926305771,-0.05670525133609772,-0.060662321746349335,0.1537611186504364,0.0553974024951458,-0.10042374581098557,-0.19556374847888947,0.08268535882234573,-0.025008805096149445,-0.04557260125875473,0.08468528836965561,0.06028047204017639,0.04762497916817665,-0.009336931630969048,0.07641381025314331,0.02170456014573574,0.0018417435931041837,-0.08665885776281357,-0.0643058642745018,0.06722697615623474,0.12553472816944122,-0.014756511896848679,-0.108619824051857,-0.08902743458747864,0.04244627431035042,-0.08282465487718582,0.11421775072813034,-0.09726989269256592,0.11197470873594284,-0.029125457629561424,0.04996340721845627,0.14119231700897217,-0.06251560896635056,0.12061731517314911,-0.035779278725385666,-0.06681334227323532,-0.033288657665252686,-0.17313112318515778,0.2769508361816406,0.12990188598632812,0.08282816410064697,0.03179849311709404,-0.09741906076669693,-0.12872426211833954,-0.003453893354162574,-0.0064322869293391705,-0.062488898634910583,-0.1339568942785263,-0.11926129460334778,0.0745132640004158,0.15278255939483643,-0.0292180348187685,0.015482752583920956,-0.06649170070886612,-0.036759741604328156,-0.1149214431643486,-0.10182381421327591,-0.1351897120475769,0.1341412514448166,0.03918721526861191,-0.050347212702035904,-0.10510685294866562,0.056784164160490036,0.127173513174057,0.01842680014669895,-0.06252306699752808,-0.008030998520553112,0.014905973337590694,0.05849943310022354,-0.0009662715019658208,0.05735763907432556,-0.03038785606622696,-0.07935535162687302,-0.015408553183078766,0.10253813862800598,0.11344499886035919,-0.051221538335084915,0.04571637511253357,0.03433259204030037,0.06706831604242325,-0.06972993910312653,0.049064602702856064,0.09192315489053726,0.07565091550350189,-0.04814641550183296,-0.050324179232120514,0.09731286019086838,0.06722825765609741,0.04380344599485397,0.044980090111494064,-0.04912879690527916,-0.014907612465322018,-0.05915078520774841,0.11569906026124954,0.09414984285831451,0.12008800357580185,-0.07000291347503662,kejriwal,5
0.017511267215013504,0.13112366199493408,0.09401194751262665,-0.03224970027804375,0.04072823375463486,0.17781387269496918,-0.08405573666095734,-0.05663273483514786,0.04636076092720032,-0.0669037327170372,0.04913941025733948,-0.0909772738814354,-0.10719987750053406,-0.08525700867176056,0.05657290294766426,-0.04058991000056267,-0.0349242202937603,0.11350078135728836,0.01341173890978098,-0.12679354846477509,0.14565077424049377,0.1443132907152176,0.0017713315319269896,-0.002878314582630992,0.08131448924541473,-0.08575251698493958,0.043650392442941666,-0.03299088031053543,0.08042381703853607,0.014323930256068707,0.12059810012578964,-0.2008466273546219,0.0075052459724247456,-0.014024351723492146,0.23535150289535522,0.088075652718544,-0.003198350081220269,-0.13153301179409027,-0.009243032895028591,-0.0878857895731926,-0.04118627682328224,0.0009353440837003291,-0.021635189652442932,0.15423962473869324,-0.03631104901432991,0.09527543187141418,0.03852285072207451,0.046379830688238144,-0.14509114623069763,-0.02673688903450966,-0.02575688809156418,0.11787927150726318,0.005195573437958956,-0.06464224308729172,-0.030744995921850204,0.045954614877700806,-0.03507000580430031,-0.012158120982348919,-0.07966184616088867,-0.0760834813117981,-0.024069804698228836,-0.023462409153580666,0.12196364253759384,-0.03325812518596649,0.11628897488117218,-0.1398996114730835,-0.004971952643245459,-0.011959504336118698,-0.03261714056134224,0.30864784121513367,0.05921651050448418,-0.012317859567701817,-0.04905543103814125,-0.217145636677742,-0.09437932074069977,-0.0477161630988121,-0.11420691013336182,0.10260765254497528,-0.033344682306051254,-0.024401787668466568,0.004205701407045126,0.13313554227352142,-0.021637652069330215,0.02080652303993702,0.017618434503674507,-0.0547863245010376,-0.052533213049173355,-0.009303561411798,-0.06815947592258453,0.1957266926765442,0.12212210893630981,-0.032732199877500534,-0.1364428848028183,-0.00884661078453064,0.03889228776097298,-0.032457854598760605,-0.026500577107071877,0.06271842122077942,-0.037453968077898026,0.015006386674940586,0.06368660181760788,0.11466479301452637,-0.03622131794691086,-0.1880015879869461,-0.000172221873071976,0.03426578640937805,0.09014862030744553,-0.09402519464492798,0.0581250824034214,0.029114386066794395,0.056675318628549576,-0.06899221986532211,-0.03456698730587959,-0.008802896365523338,0.14140070974826813,0.025958312675356865,-0.04496443644165993,-0.09993328899145126,0.03279147297143936,0.044877611100673676,0.09022396802902222,-0.0512605756521225,0.012206208892166615,0.020303810015320778,0.1283220499753952,0.012030597776174545,0.2337244600057602,0.012588710524141788,kejriwal,19
-0.02450433187186718,0.09386585652828217,0.0959101989865303,-0.0004945139517076313,0.0952984094619751,-0.007889516651630402,-0.013499612919986248,-0.14588697254657745,0.006518544163554907,-0.04674522951245308,0.06777068972587585,0.011145821772515774,-0.129501610994339,-0.012869118712842464,0.0390935093164444,0.08306273072957993,0.009788423776626587,0.07805593311786652,0.06028381735086441,-0.03551720455288887,0.07383199036121368,0.19927112758159637,-0.03720884397625923,-0.03406547009944916,0.019472766667604446,0.03983830288052559,0.013678333722054958,-0.0049714380875229836,0.18235081434249878,0.08736485242843628,0.0022142096422612667,-0.08244021236896515,0.039506688714027405,-0.07901669293642044,0.2000279575586319,0.10604981333017349,0.02671724371612072,-0.08235243707895279,0.032668355852365494,0.002700208919122815,-0.052028559148311615,0.1102738156914711,0.03372279927134514,0.08515790104866028,-0.018311580643057823,0.20443208515644073,0.10159505903720856,-0.046438515186309814,-0.08460386842489243,-0.09560716152191162,-0.07336769998073578,0.084592305123806,-0.07348529249429703,-0.05259876325726509,0.00858086533844471,0.048883628100156784,-0.04956858232617378,0.05003001540899277,-0.17053677141666412,0.17741961777210236,-0.02475256286561489,-0.0722484365105629,0.13096857070922852,-0.008972282521426678,0.21523626148700714,-0.17960886657238007,-0.047731030732393265,-0.10653418302536011,-0.008880681358277798,0.2032575160264969,0.08736106008291245,0.025296775624155998,0.004063419997692108,-0.08194296807050705,-0.056403372436761856,-0.010062193498015404,-0.048037342727184296,0.1558476984500885,-0.08334963768720627,-0.17577458918094635,0.09405389428138733,0.17840081453323364,-0.0757381021976471,0.07057671248912811,-0.009045413695275784,-0.05028858408331871,-0.06861046701669693,-0.02365422621369362,-0.16254857182502747,0.11908837407827377,0.11301325261592865,0.031355489045381546,-0.16795191168785095,0.032545316964387894,0.14224638044834137,0.020253760740160942,-0.014842386357486248,0.027933722361922264,0.05200957879424095,0.08239386230707169,-0.0705413967370987,0.025459248572587967,-0.041623588651418686,-0.16039994359016418,-0.02730908989906311,0.07187239825725555,0.1529570072889328,-0.07415283471345901,0.11240039765834808,0.034615226089954376,-0.00922293122857809,-0.11471222341060638,-0.00974348559975624,0.006594771984964609,0.09551873058080673,0.018108868971467018,0.03083835355937481,-0.08657856285572052,-0.05423398315906525,0.02383841574192047,0.011464664712548256,0.01913190819323063,0.021679053083062172,0.029002323746681213,0.03266522288322449,0.10268569737672806,0.1225404441356659,-0.030922532081604004,kejriwal,18
-0.0007044067606329918,0.04627729952335358,0.10099491477012634,-0.05782323330640793,0.07463601976633072,0.08296885341405869,-0.10470052063465118,-0.05299506336450577,-0.05410261079668999,-0.01586177386343479,0.07188650220632553,-0.002906273351982236,-0.05595620349049568,0.04567846283316612,0.09219366312026978,0.0944659635424614,0.07083339244127274,0.14600560069084167,0.06308745592832565,-0.017137223854660988,0.10714242607355118,0.18283478915691376,0.05553315579891205,0.009229320101439953,-0.030168689787387848,0.055579643696546555,0.057560406625270844,-0.04886666685342789,0.11036237329244614,0.01519584096968174,-0.00043568850378505886,-0.038951363414525986,0.09425265341997147,0.018015021458268166,0.17836418747901917,0.14476104080677032,0.0822419747710228,-0.016243694350123405,0.040112897753715515,-0.03954514488577843,-0.09027460962533951,0.07569064944982529,0.026140796020627022,0.007960939779877663,-0.06184684857726097,0.11175104230642319,0.1273760348558426,-0.029932858422398567,-0.17814847826957703,-0.018366074189543724,-0.04733172059059143,-0.006719130557030439,-0.05958346277475357,0.026037685573101044,0.008528565987944603,0.07471924275159836,0.04013111814856529,0.022417552769184113,-0.13928832113742828,0.05712660774588585,-0.03762916475534439,-0.027231188490986824,0.11666566133499146,-0.11021065711975098,0.20650532841682434,-0.07410527020692825,-0.07358504086732864,-0.00969573762267828,-0.05083128437399864,0.25421881675720215,0.023092089220881462,-0.02665444277226925,-0.0722644180059433,-0.12210560590028763,-0.03793341666460037,-0.033720407634973526,-0.03582748398184776,0.1298670470714569,-0.024209531024098396,-0.22906166315078735,0.021585317328572273,0.1768418848514557,-0.08576183766126633,-0.015110795386135578,-0.03725516051054001,-0.021604452282190323,-0.06415219604969025,-0.0004914657911285758,-0.08376758545637131,0.1857811063528061,0.1479707807302475,-0.013156745582818985,-0.13629242777824402,0.06390770524740219,0.14596958458423615,0.08021072298288345,-0.05788483843207359,0.14069031178951263,-0.015185901895165443,0.0625503808259964,-0.019363824278116226,-0.0017427621642127633,-0.10448981821537018,-0.11842836439609528,0.03972957655787468,0.08687396347522736,0.07296378165483475,-0.17911793291568756,0.05367868021130562,-0.05942947790026665,-0.08582787960767746,-0.03824761509895325,0.06426416337490082,-0.016330353915691376,0.15711043775081635,-0.007873664610087872,0.03159496933221817,-0.16276632249355316,-0.014650637283921242,0.06074809655547142,0.09245309978723526,-0.04763972759246826,0.08857665210962296,0.033691298216581345,0.045305803418159485,0.07999169081449509,0.16955775022506714,-0.019456446170806885,kejriwal,4
0.03366230055689812,0.11752495169639587,0.09124256670475006,0.005166445393115282,-0.03638908267021179,-0.000445507321273908,0.0006546728545799851,-0.061416856944561005,0.07909563928842545,-0.017172984778881073,0.15924765169620514,-0.08635071665048599,-0.07113487273454666,0.03267988562583923,0.10754978656768799,-0.03379760682582855,0.03412632644176483,0.10256142169237137,0.0025763162411749363,-0.009287056513130665,0.017803501337766647,0.12059991806745529,-0.005236599128693342,-0.006705485284328461,-0.004648543428629637,-0.039345864206552505,0.04218897968530655,0.05486651882529259,0.14757037162780762,0.021975789219141006,0.02731819450855255,-0.06094403564929962,0.10222475975751877,-0.003029763698577881,0.17379030585289001,0.09062110632658005,0.06221472844481468,0.06576239317655563,-0.02398008480668068,-0.07825750857591629,-0.09120015799999237,0.026971766725182533,-0.05399428680539131,0.07931763678789139,-0.05768759548664093,0.06740625202655792,-0.01692477986216545,0.040057722479104996,-0.09642183035612106,-0.019315585494041443,-0.11186514049768448,0.1435426026582718,-0.0509239137172699,-0.020862756296992302,-0.01678290031850338,0.04052482545375824,-0.12359844893217087,-0.002497108420357108,-0.14886116981506348,0.03898361697793007,-0.12467367947101593,-0.11050859838724136,0.1451687067747116,-0.049435362219810486,0.10855771601200104,0.018852872774004936,0.004248612094670534,-0.09740526974201202,-0.11056260764598846,0.17252197861671448,0.04068378359079361,-0.11373018473386765,-0.011145690456032753,-0.037443242967128754,-0.042853664606809616,-0.15410134196281433,0.01498829573392868,0.01626548357307911,-0.008402062579989433,-0.14815254509449005,0.027982046827673912,0.05536208301782608,-0.13206423819065094,-0.10012467205524445,0.06746384501457214,-0.08390871435403824,-0.12867674231529236,-0.06117388233542442,0.010485762730240822,0.2161143571138382,0.1796964704990387,-0.07559073716402054,-0.0948389321565628,-0.0006582832429558039,0.1346360296010971,-0.038994502276182175,-0.04989933222532272,0.0002637663565110415,0.04616225138306618,0.03641027212142944,-0.019252970814704895,0.06257537007331848,-0.02424381673336029,-0.16410230100154877,0.0036179698072373867,0.11689630150794983,0.1781691312789917,-0.12502649426460266,0.203290656208992,-0.046448659151792526,0.002157769398763776,-0.004538774490356445,-0.011960912495851517,0.049603335559368134,0.13215577602386475,-0.05614333227276802,0.10352787375450134,-0.11068059504032135,0.11488138884305954,0.019939515739679337,0.04882097244262695,-0.07212713360786438,0.019801832735538483,0.13082362711429596,0.14812937378883362,-0.007906753569841385,0.261747270822525,-0.040409836918115616,kejriwal,1
-0.019335445016622543,0.0973096415400505,0.09565296769142151,0.027381528168916702,0.02988762967288494,-0.00845652911812067,-0.04413142427802086,-0.066884346306324,0.05879915505647659,-0.03978066146373749,0.16657286882400513,0.005600376520305872,-0.10652587562799454,-0.029370076954364777,0.02596963383257389,0.04153898358345032,0.028823645785450935,0.13357661664485931,0.039438847452402115,-0.029166050255298615,0.11990353465080261,0.14813609421253204,-0.021933604031801224,-0.0405888631939888,0.041834983974695206,0.015472016297280788,0.05833107605576515,-0.0025572192389518023,0.151831716299057,0.06869205087423325,0.034444838762283325,-0.11389623582363129,0.13195155560970306,-0.04368998855352402,0.17167820036411285,0.07325771450996399,0.047071244567632675,-0.0074122995138168335,0.04552367329597473,-0.00043820784776471555,-0.0431218221783638,0.09534727036952972,0.005453580990433693,0.12102480232715607,-0.07072553038597107,0.025396035984158516,0.07093682885169983,-0.11415646225214005,-0.06613250821828842,-0.09442885220050812,-0.04867016524076462,0.10553260147571564,-0.11519525200128555,0.010531277395784855,-0.020612988620996475,0.06520109623670578,-0.05013851448893547,-0.019357716664671898,-0.18913225829601288,0.10183899104595184,-0.0837583988904953,-0.19176079332828522,0.13263094425201416,-0.03237704932689667,0.1875106245279312,-0.15253758430480957,-0.021765079349279404,-0.11260037124156952,-0.020996008068323135,0.19531850516796112,0.0942188948392868,-0.026603035628795624,-2.0207678971928544e-05,-0.10846822708845139,-0.038848426192998886,-0.06518476456403732,-0.052567705512046814,0.14731352031230927,-0.1049533486366272,-0.14436234533786774,-0.02443861775100231,0.15568529069423676,-0.010995514690876007,0.06294579803943634,0.01497943140566349,-0.011955942027270794,-0.03795860335230827,-0.01358911395072937,-0.08151566237211227,0.0857560932636261,0.060227520763874054,-0.06942003965377808,-0.169158473610878,0.020382611081004143,0.1397273689508438,-0.06797368079423904,-0.06508644670248032,0.027497757226228714,-0.013954308815300465,0.07944842427968979,-0.10933097451925278,0.03424064815044403,-0.019720658659934998,-0.1091320589184761,0.05683191865682602,0.08635049313306808,0.19370396435260773,-0.07167962938547134,0.13623760640621185,-0.05900888890028,-0.09095997363328934,-0.11620847135782242,-0.03426094353199005,0.06096500903367996,0.1227836161851883,-0.037788379937410355,0.055171899497509,-0.13390551507472992,0.02213207632303238,0.020542532205581665,0.03397336229681969,0.016276411712169647,-0.013314050622284412,0.06112297251820564,0.1426936835050583,0.04397623613476753,0.218247190117836,0.04090084135532379,kejriwal,17
-0.06171005219221115,0.11705125123262405,-0.0068449717946350574,-0.06955116987228394,0.05556118115782738,0.10127870738506317,-0.12005676329135895,-0.12317774444818497,-0.09593454003334045,0.023982398211956024,0.06899320334196091,-0.01197593193501234,-0.0013656129594892263,0.030040472745895386,0.06865524500608444,0.13361051678657532,0.025812998414039612,0.1007678210735321,0.0597868338227272,-0.029622841626405716,0.059284236282110214,0.06438314914703369,0.1346195638179779,0.014954819343984127,0.02269621752202511,0.047771796584129333,0.0832584798336029,-0.08438172936439514,0.12006988376379013,0.022715769708156586,0.096674345433712,-0.032813116908073425,0.07653208076953888,-0.013560297898948193,0.11371570825576782,0.1585509330034256,-0.0035069668665528297,0.011134486645460129,0.04310372471809387,0.026431439444422722,-0.10171359032392502,0.020788509398698807,0.034762367606163025,0.1030178815126419,-0.06269963085651398,0.10823576152324677,0.1733527034521103,0.006846541538834572,-0.20412656664848328,-0.03937368839979172,-0.04945621266961098,-0.03506992757320404,-0.05645366385579109,-0.0615023635327816,-0.047803983092308044,0.11094759404659271,0.0019633539486676455,0.14760857820510864,-0.06709466874599457,0.0579669289290905,-0.1293925940990448,-0.009718460030853748,0.1894826740026474,-0.14204581081867218,0.25159505009651184,-0.06045963242650032,-0.10417145490646362,0.0027948806528002024,-0.11287442594766617,0.22471386194229126,0.005134061444550753,0.03416929021477699,-0.09642510861158371,-0.09914059191942215,0.0018123835325241089,-0.04897528886795044,-0.030745942145586014,0.1093299463391304,-0.06115587800741196,-0.1376427561044693,-0.012902571819722652,0.05869133770465851,-0.10071021318435669,-0.011224247515201569,-0.17565274238586426,-0.019904714077711105,-0.0668325424194336,-0.06608971208333969,-0.09122030436992645,0.09564609825611115,0.08245869725942612,-0.02994406595826149,-0.09908351302146912,0.025834571570158005,0.19744247198104858,0.08912492543458939,-0.07102816551923752,0.18659770488739014,-0.01232410129159689,0.05675296485424042,-0.09217019379138947,-0.030095014721155167,-0.10796977579593658,-0.03559878095984459,0.020060457289218903,0.10721455514431,0.02032690867781639,-0.08029640465974808,0.09660620242357254,-0.09117419272661209,-0.08051542192697525,0.030802352353930473,0.06611043959856033,0.024089686572551727,0.11587394028902054,0.017896393314003944,0.0002510719350539148,-0.0946066826581955,0.0509759820997715,0.15113499760627747,0.07808084785938263,-0.09775877743959427,0.011208458803594112,0.04066884517669678,-0.027549175545573235,0.08791202306747437,0.05000704899430275,-0.007597611751407385,kejriwal,7
0.04538488760590553,0.06401634216308594,-0.025422759354114532,-0.005134641192853451,-0.05826724320650101,0.03720228374004364,-0.012068240903317928,-0.1758873611688614,0.09197015315294266,-0.06765672564506531,0.13260000944137573,-0.05448469519615173,-0.0313093475997448,0.11625547707080841,0.006705809850245714,-0.0078761987388134,0.02157437615096569,0.12138552963733673,-0.010174177587032318,-0.11841955035924911,0.03609195351600647,0.17952664196491241,-0.11100797355175018,-0.05417931452393532,-0.04599291831254959,-0.0004389206587802619,-0.03601991385221481,0.025899311527609825,0.05630873888731003,0.15254910290241241,0.017863182350993156,0.03576478362083435,0.006975083611905575,-0.10734014958143234,0.13794764876365662,0.12226033210754395,-0.06786993891000748,-0.07019221782684326,0.052753981202840805,0.06892868876457214,-0.1446845382452011,0.11139031499624252,-0.1281285285949707,0.08086058497428894,0.07936884462833405,0.11332188546657562,-0.03527123108506203,-0.015048100613057613,-0.06502217799425125,-0.1564832478761673,-0.04950425773859024,0.1472272127866745,0.024434830993413925,-0.05074860900640488,-0.13025523722171783,0.0686764046549797,-0.09348896890878677,0.08830200135707855,-0.09515853971242905,0.14803028106689453,-0.029885753989219666,0.00512106716632843,0.1359061598777771,0.015984797850251198,0.02371322363615036,-0.09689535945653915,0.07404863834381104,-0.0033858560491353273,-0.015970401465892792,0.13037630915641785,0.1658996045589447,-0.10368174314498901,0.027561506256461143,-0.12545892596244812,-0.13957419991493225,-0.02881431207060814,-0.09750807285308838,-0.11412287503480911,-0.1462409943342209,-0.0967191532254219,0.11913927644491196,0.12352605909109116,-0.1397762894630432,-0.07724735885858536,-0.06002102792263031,0.026937417685985565,-0.060019031167030334,-0.2388414442539215,-0.15933731198310852,0.08745435625314713,0.0410706028342247,-0.071957528591156,-0.07185603678226471,0.03569859266281128,0.10511591285467148,0.055250439792871475,-0.04758475720882416,-0.10606162995100021,0.06312621384859085,0.13418008387088776,0.015164017677307129,0.09115990996360779,-0.028839098289608955,-0.1138487458229065,-0.05698864907026291,0.07850902527570724,0.08074083179235458,-0.10748336464166641,0.015122449956834316,0.027381399646401405,0.05122322216629982,-0.1559373438358307,-0.05696528032422066,-0.03458619490265846,0.0324600450694561,0.04581931605935097,-0.018223877996206284,-0.049235906451940536,0.06679140031337738,-0.06838987022638321,0.019864823669195175,-0.11526697129011154,0.014012789353728294,0.019604980945587158,0.1324213743209839,0.03076018951833248,0.08396556973457336,-0.02359602227807045,kejriwal,2
-0.03995262458920479,0.12154389917850494,0.05821806192398071,0.052614014595746994,0.05894448980689049,0.13422299921512604,-0.046604085713624954,-0.10039665549993515,0.054018229246139526,-0.05061859264969826,0.09026790410280228,-0.030832283198833466,-0.08435408771038055,-0.08678974956274033,0.1009979322552681,0.014277330599725246,-0.06481941789388657,0.03949009254574776,0.010327636264264584,-0.05208245664834976,0.10515472292900085,0.023542171344161034,0.048901114612817764,0.007990682497620583,0.1240464299917221,-0.025699641555547714,-0.017582254484295845,-0.14725364744663239,0.08749718219041824,0.001211135764606297,0.20131991803646088,-0.027619224041700363,0.02100301906466484,0.0086057772859931,0.14530901610851288,0.16237284243106842,-0.0011691433610394597,-0.009836559183895588,-0.0011159328278154135,-0.035687074065208435,0.06205645203590393,-0.0182692538946867,-0.04144977778196335,0.12249426543712616,-0.08655349165201187,0.07898438721895218,0.11661942303180695,-0.022801538929343224,-0.11406601965427399,-0.09620681405067444,-0.08109305053949356,0.07075706124305725,-0.0367109514772892,-0.08381832391023636,0.02692858688533306,0.09810935705900192,-0.07203111797571182,0.06965130567550659,-0.08773592114448547,0.00032581042614765465,-0.14569911360740662,-0.09450020641088486,0.15759912133216858,-0.1335916966199875,0.22683358192443848,-0.07126783579587936,0.01624358259141445,-0.04397711902856827,-0.04702867195010185,0.29467716813087463,0.03230423480272293,0.09450416266918182,-0.06958764791488647,-0.08698835968971252,0.008004771545529366,-0.07790111005306244,-0.09263012558221817,0.15155915915966034,-0.09710726141929626,-0.016220208257436752,-0.09074106067419052,0.11021564900875092,-0.04659638926386833,-0.011641394346952438,-0.07601853460073471,-0.023420367389917374,0.01364494115114212,-0.006970645394176245,-0.11646562814712524,0.06827163696289062,0.13241642713546753,-0.042940352112054825,-0.1113513708114624,-0.06279939413070679,0.07937154918909073,-0.03928561508655548,-0.030782900750637054,0.057267505675554276,0.022961454465985298,0.027491318061947823,-0.09567814320325851,-0.009418906643986702,-0.056108493357896805,-0.08126524835824966,0.0037394468672573566,0.0902310237288475,0.07528954744338989,-0.009786677546799183,0.12791310250759125,-0.02764846570789814,-0.07925517112016678,0.021848229691386223,-0.07924194633960724,-0.04415314644575119,0.19567900896072388,-0.008587336167693138,-0.018649039790034294,-0.166544571518898,0.09945652633905411,0.1352182775735855,0.12728163599967957,0.02198237180709839,-0.009294772520661354,0.13086353242397308,0.07593824714422226,0.05140532925724983,0.18563400208950043,0.05175580829381943,kejriwal,3
-0.05892578139901161,0.034441594034433365,0.04935191199183464,0.0019084567902609706,-0.025914138182997704,0.07377742230892181,-0.1659109741449356,-0.07571755349636078,0.03539768233895302,-0.01500367559492588,0.10225121676921844,-0.026415228843688965,-0.12319764494895935,-0.07230743765830994,0.02391398884356022,0.02180400677025318,0.05702533945441246,0.12299229204654694,0.1504146009683609,-0.05336008220911026,0.0372055284678936,0.12959210574626923,-0.022800354287028313,0.07532554119825363,0.0004906630492769182,0.07490936666727066,0.12470534443855286,-0.10335136204957962,0.06753473728895187,-0.02805369533598423,0.10883188992738724,-0.17250266671180725,0.07543139904737473,-0.08031173050403595,0.17753265798091888,0.16489621996879578,0.029829803854227066,-0.11811459064483643,0.03311426565051079,0.036836281418800354,-0.05825502797961235,0.05020846053957939,-0.08815295249223709,0.09404557943344116,0.02176893688738346,0.0752251148223877,0.10316150635480881,-0.044927969574928284,-0.10024554282426834,-0.10207326710224152,-0.05112959444522858,0.03850989043712616,0.028132636100053787,-0.05708038806915283,-0.07148732244968414,0.10151325166225433,0.01206825952976942,-0.009162475354969501,-0.0863877385854721,0.06879314035177231,-0.030253946781158447,-0.03445981442928314,0.11533346772193909,-0.059435367584228516,0.15316841006278992,-0.19501756131649017,0.04855772480368614,-0.10200616717338562,0.034466926008462906,0.20772968232631683,0.0256815105676651,-0.05758200213313103,-0.06201629713177681,-0.15427416563034058,-0.03102014772593975,-0.06854357570409775,-0.1113586500287056,0.23095053434371948,-0.072481669485569,-0.11105424910783768,-0.05983034521341324,0.18811917304992676,-0.06764917820692062,0.009133207611739635,-0.012726361863315105,0.021494979038834572,-0.04332800582051277,-0.04728078469634056,-0.14174355566501617,0.052789486944675446,0.052815601229667664,0.0504266731441021,-0.05774112418293953,0.04425536468625069,0.14428897202014923,0.029480526223778725,-0.019778868183493614,0.009695126675069332,-0.030802860856056213,0.04562037065625191,-0.047276489436626434,0.018260732293128967,-0.10440794378519058,-0.1601477861404419,0.09083633124828339,0.06631442159414291,0.15867027640342712,-0.20474256575107574,-0.026872245594859123,0.04739692807197571,-0.06933476775884628,-0.09663745760917664,0.10186736285686493,-0.06675810366868973,0.058746740221977234,-0.006048725917935371,-0.04546308517456055,-0.19403213262557983,-0.01430890429764986,-0.03377056121826172,0.041078172624111176,-0.07288993895053864,-0.007675645407289267,-0.018315797671675682,0.0484018474817276,0.09544751793146133,0.08029258996248245,0.02530762553215027,kejriwal,8
-0.011209969408810139,0.17975592613220215,0.19092416763305664,-0.010129079222679138,0.055390797555446625,0.06454833596944809,-0.0344637893140316,-0.11088233441114426,-0.00418712105602026,-0.10821244865655899,0.07991673052310944,-0.022907206788659096,-0.09194855391979218,0.059832531958818436,0.027201656252145767,0.03536608815193176,0.03153376281261444,0.09030898660421371,-0.0430155023932457,-0.0988529771566391,0.15588529407978058,0.20876166224479675,-0.09331218898296356,0.0233982652425766,0.04853186383843422,-0.018825998529791832,-0.04942866414785385,0.065884530544281,0.17085064947605133,0.10389669239521027,0.0033751712180674076,-0.08444047719240189,-0.009994907304644585,-0.016910158097743988,0.141079843044281,0.10330997407436371,0.025571424514055252,-0.06337768584489822,0.03383195772767067,0.07043936848640442,-0.033561334013938904,0.1453734040260315,0.043788615614175797,0.007364185061305761,0.031292784959077835,0.15627513825893402,0.10729257762432098,-0.11349627375602722,-0.12534624338150024,-0.11244678497314453,-0.0006592752761207521,0.1611749231815338,-0.10183298587799072,0.02458840422332287,0.013771952129900455,0.0597863607108593,-0.02630675584077835,0.06077955663204193,-0.12202119082212448,0.0661737471818924,-0.005085918121039867,-0.013833083212375641,0.054637663066387177,-0.03124331310391426,0.11780218034982681,-0.13048353791236877,0.04027944058179855,-0.04029155895113945,-0.016928203403949738,0.2748822271823883,0.15347309410572052,0.016808005049824715,0.020788870751857758,-0.10020241886377335,0.028253573924303055,0.04450547322630882,-0.09637151658535004,0.12946131825447083,-0.08512414991855621,-0.15480190515518188,0.06661621481180191,0.24703799188137054,0.04266408830881119,0.0710522010922432,-0.016321375966072083,0.019360776990652084,-0.007561544422060251,-0.043308939784765244,-0.1826009601354599,0.1355387270450592,0.06138351559638977,-0.08859119564294815,-0.10508912801742554,0.03935334458947182,0.06322978436946869,-0.031246552243828773,-0.022346122190356255,0.02015186846256256,0.028922487050294876,0.09044762700796127,-0.07137643545866013,0.1013718992471695,-0.042198337614536285,-0.013634837232530117,-0.05661199241876602,0.09557388722896576,0.06194474920630455,-0.03866427764296532,0.0474376417696476,-0.07290124148130417,0.013581610284745693,-0.11832348257303238,-0.10097579658031464,0.04867744445800781,0.09283855557441711,0.04051852598786354,-0.05627590790390968,-0.09455060213804245,-0.05773182213306427,0.014771267771720886,0.02342921867966652,0.05319834128022194,0.0015338395023718476,-0.0014499796088784933,0.09262840449810028,0.1177845299243927,0.13842147588729858,-0.010853929445147514,kejriwal,13
0.026980679482221603,0.07008732110261917,0.29532986879348755,0.14324907958507538,0.09279940277338028,0.08185221254825592,-0.05090894550085068,-0.10402720421552658,0.056632738560438156,-0.12295427173376083,-0.007751286495476961,0.05204448848962784,-0.14035147428512573,0.013027085922658443,0.06460663676261902,0.06504789739847183,0.05683695152401924,0.0306358952075243,-0.11567579209804535,-0.013278443366289139,0.05751819163560867,0.10217253118753433,0.0644022524356842,0.1286018043756485,0.11023058742284775,-0.14906977117061615,-0.049147214740514755,0.10271046310663223,0.02320440672338009,-0.04742306470870972,0.08234585076570511,0.022363247349858284,-0.025301426649093628,0.07007209211587906,0.02970857173204422,0.05335439369082451,0.002006017602980137,-0.024448327720165253,-0.062638059258461,0.0015552289551123977,0.03315567970275879,0.08540654182434082,0.025771750137209892,-0.23705287277698517,0.03150426968932152,0.008545747958123684,-0.017963677644729614,-0.07734427601099014,-0.02899232693016529,0.06410486996173859,0.1118905320763588,0.05168309062719345,-0.0018987657967954874,-0.030646488070487976,0.03903281316161156,0.003995240665972233,-0.008735927753150463,0.02394229918718338,-0.05199827998876572,0.058719243854284286,-0.03631309047341347,0.07808246463537216,-0.09967072308063507,-0.17331922054290771,0.14111971855163574,0.052511729300022125,-0.016075683757662773,-0.03645864129066467,-0.2208382487297058,0.2990973889827728,0.035346049815416336,0.09697894006967545,0.002787323435768485,0.02500840090215206,0.02331630140542984,0.044454336166381836,0.08948096632957458,0.006987811531871557,-0.04303254932165146,-0.08137261867523193,0.020563587546348572,0.08767233788967133,0.04292566701769829,-0.014004174619913101,0.0602327398955822,-0.07934998720884323,-0.07136364281177521,0.04198961704969406,-0.18275058269500732,0.15294228494167328,0.042041655629873276,-0.0289629977196455,-0.006280394271016121,0.11716628074645996,0.06087668240070343,0.07819915562868118,-0.012760755605995655,-0.024297436699271202,0.028039488941431046,0.06855548173189163,0.0019859541207551956,-0.04100213944911957,-0.12624603509902954,0.0050448267720639706,0.05182421952486038,0.04707234725356102,0.07593335956335068,-0.14836496114730835,0.05527257174253464,-0.06677357852458954,-0.08289016038179398,0.07134353369474411,0.10441121459007263,0.07029595971107483,0.13352541625499725,-0.04573916643857956,-0.056779708713293076,0.11471711099147797,-0.04611273109912872,0.12915080785751343,0.01788628287613392,0.1061381921172142,-0.021332873031497,-0.04269234463572502,0.1432182937860489,0.14957153797149658,0.14921019971370697,-0.08351915329694748,kejriwal,16
0.002913793083280325,0.11083163321018219,0.0823436975479126,-0.08142279833555222,0.02959980070590973,0.08838679641485214,0.022605551406741142,-0.09776218235492706,0.09533406049013138,-0.015648717060685158,0.11765354871749878,-0.04514336213469505,-0.0818353220820427,-0.012906794436275959,0.16991741955280304,-0.07203491777181625,-0.09665411710739136,0.006374663673341274,-0.027071382850408554,-0.10914327949285507,-0.07979029417037964,0.22023682296276093,0.0051662209443748,-0.046701282262802124,0.022482549771666527,-0.020717918872833252,0.11589082330465317,0.05595320090651512,0.12128947675228119,-0.005117262713611126,0.08488402515649796,-0.09390699863433838,0.04588902369141579,0.00677549559623003,0.13414369523525238,0.09773711115121841,0.012348984368145466,-0.04013557359576225,0.0026748222298920155,0.05065774917602539,0.049358971416950226,-0.05666995048522949,-0.09449021518230438,0.13824912905693054,-0.13538694381713867,0.12467808276414871,-0.07357224076986313,0.078120157122612,-0.060153696686029434,-0.05198714882135391,-0.09463697671890259,0.15572640299797058,-0.04653325304389,-0.0839003473520279,-0.07376768440008163,0.04697190597653389,-0.15217377245426178,0.08608753234148026,-0.19185681641101837,0.15464326739311218,-0.18947768211364746,-0.10253100097179413,0.16446450352668762,-0.004058364778757095,0.11388585716485977,-0.017821358516812325,0.005296037532389164,-0.0077035436406731606,-0.0861852616071701,0.21457184851169586,0.05665120854973793,-0.017042070627212524,-0.01641044393181801,-0.04560963064432144,0.02461932972073555,-0.07717875391244888,-0.06644050031900406,-0.02762812189757824,-0.06196267157793045,-0.040801502764225006,0.09234932065010071,0.012333812192082405,-0.021141208708286285,0.01383518148213625,-0.01781521737575531,-0.11137160658836365,-0.0004960611695423722,-0.06085507199168205,-0.11101707071065903,0.19061875343322754,0.15322549641132355,-0.07198988646268845,-0.0994599238038063,0.02938547357916832,0.04510180279612541,-0.03142707422375679,-0.07782167941331863,-0.08647456765174866,0.10965613275766373,0.0188547782599926,-0.02548976242542267,0.040684640407562256,-0.02726570889353752,-0.1459304690361023,-0.017370108515024185,0.05454093590378761,0.07907851040363312,-0.041913457214832306,0.13324187695980072,-0.021038366481661797,0.119191013276577,0.02506118081510067,-0.025621527805924416,0.06271962076425552,0.07863471657037735,-0.022924404591321945,0.021273773163557053,-0.009488647803664207,0.11307509988546371,0.10253256559371948,0.15690869092941284,-0.11376375705003738,-0.0351860411465168,0.11356829851865768,0.1286468654870987,0.0017722490010783076,0.15172913670539856,0.002046552486717701,kejriwal,15
0.054153915494680405,0.10985268652439117,0.04418501257896423,-0.015125768259167671,0.0960918515920639,0.08654319494962692,-0.03348342329263687,-0.1398172229528427,-0.022411935031414032,-0.041085198521614075,0.10325194895267487,-0.03378894925117493,-0.10389658063650131,0.020042553544044495,0.01934034936130047,0.05726654827594757,0.0189068540930748,0.1195419579744339,0.014472180046141148,-0.0745464563369751,0.09256165474653244,0.17328636348247528,-0.021966377273201942,-0.08461493253707886,0.05512189120054245,-0.04507947713136673,0.02960212156176567,0.06486861407756805,0.11502661556005478,0.079966701567173,0.0024703145027160645,-0.1277030110359192,-0.02389194630086422,-0.06631332635879517,0.17930485308170319,0.11341923475265503,-0.058908045291900635,-0.16179120540618896,0.06006966903805733,-0.004684320650994778,-0.10539372265338898,0.09989972412586212,0.00885117705911398,0.10137710720300674,-0.016209769994020462,0.1642264574766159,0.0205363966524601,0.008331038989126682,-0.10536208748817444,-0.05012013763189316,-0.014454668387770653,0.15242770314216614,-0.11480725556612015,-0.051445070654153824,-0.0668644905090332,0.011323986575007439,-0.0710044875741005,0.04865741729736328,-0.14956986904144287,0.15254348516464233,0.0003622703079599887,-0.022936707362532616,0.1580621749162674,-0.01475661713629961,0.145266592502594,-0.1632145643234253,-0.06595083326101303,0.015105790458619595,-0.036444514989852905,0.27082177996635437,0.14874215424060822,0.05062228813767433,0.015774982050061226,-0.15934406220912933,-0.12576280534267426,-0.0009311540052294731,-0.02614797092974186,0.07567371428012848,-0.09997065365314484,-0.1289374977350235,0.10112651437520981,0.11141417175531387,-0.049634214490652084,0.04355108365416527,-0.07643543928861618,-0.016826657578349113,-0.08016178756952286,-0.059211570769548416,-0.11479487270116806,0.15062817931175232,0.08827848732471466,-0.030210290104150772,-0.1715715527534485,0.0715448409318924,0.10750635713338852,-0.009800463914871216,-0.03748813271522522,-0.009569366462528706,-0.0004447835963219404,0.07187557965517044,-0.011730281636118889,0.08920222520828247,-0.05168449506163597,-0.16592957079410553,-0.001978699816390872,0.09740069508552551,0.11404092609882355,-0.04770283028483391,0.08516280353069305,0.01797001250088215,0.03409098833799362,-0.11484794318675995,0.014785164967179298,0.08085507154464722,0.11277669668197632,0.022381002083420753,0.00139304855838418,0.021753888577222824,-0.005070960149168968,0.03552405163645744,-0.006824925076216459,-0.05399079993367195,0.03556784987449646,0.028535261750221252,0.12234880775213242,0.058048516511917114,0.16543148458003998,-0.031588103622198105,kejriwal,6
0.015635307878255844,0.02977692149579525,0.05429921671748161,-0.04332171753048897,0.07146698981523514,0.06754833459854126,-0.12020706385374069,-0.05935840681195259,-0.11830445379018784,-0.042691029608249664,0.1028732880949974,-0.013486355543136597,-0.0662163496017456,0.09741318970918655,0.10343290120363235,0.09011076390743256,0.09701405465602875,0.044942766427993774,0.14800840616226196,-0.02851930260658264,0.07120000571012497,0.1661730408668518,0.022349253296852112,-0.07967536151409149,0.044244442135095596,0.07928434014320374,0.08401147276163101,-0.012394864112138748,0.07013221085071564,0.006181962322443724,0.014192122966051102,-0.11045346409082413,0.06909899413585663,-0.03608148917555809,0.1304580569267273,0.19457745552062988,0.03503350540995598,-0.10150051862001419,0.09039244055747986,0.015310032293200493,-0.08005240559577942,0.10565268993377686,0.038133081048727036,0.03113524429500103,-0.04048163443803787,0.19068485498428345,0.11431989818811417,-0.08292840421199799,-0.15604571998119354,-0.08283577114343643,-0.046731457114219666,0.04882344231009483,-0.08393042534589767,0.02042480930685997,-0.009433470666408539,0.05130122974514961,-0.016148410737514496,0.04168950021266937,-0.13445478677749634,0.15866972506046295,-0.023451639339327812,-0.03428136184811592,0.09641359746456146,-0.09273681789636612,0.2122165858745575,-0.1061684712767601,-0.05462813377380371,0.04306705668568611,0.03617243468761444,0.23453359305858612,0.09725002199411392,0.029598437249660492,-0.05577990412712097,-0.17793923616409302,-0.0026576027739793062,0.01892366260290146,-0.0409785620868206,0.15251155197620392,-0.07445571571588516,-0.14745742082595825,-6.741400284226984e-05,0.11994379013776779,-0.028962498530745506,0.03480302914977074,-0.1003371998667717,0.02445904165506363,-0.030973752960562706,-0.0346183255314827,-0.14186111092567444,0.1083848774433136,0.08935023099184036,-0.008979996666312218,-0.14183612167835236,0.09763891994953156,0.12049898505210876,0.035468753427267075,-0.005971734877675772,0.059658076614141464,-0.021891282871365547,0.058191899210214615,-0.11354931443929672,0.04016939550638199,-0.0729033574461937,-0.13708417117595673,0.006538476794958115,0.12703154981136322,0.07977930456399918,-0.09496420621871948,0.02231079526245594,-0.0655631348490715,-0.07113520801067352,-0.12422492355108261,0.04116020351648331,0.004023328423500061,0.1392093002796173,-0.0025992735754698515,0.0043840231373906136,-0.1333862990140915,-0.027013229206204414,0.05112201347947121,0.037817686796188354,-0.04665020853281021,0.05811617150902748,0.04320250079035759,0.102199487388134,0.07937193661928177,0.17187312245368958,0.029431825503706932,kejriwal,11
0.05179453641176224,0.12880712747573853,-0.02343449927866459,-0.0007921928772702813,0.12856446206569672,0.08014194667339325,-0.08723723143339157,-0.19288580119609833,-0.043265555053949356,-0.062483515590429306,0.08583962917327881,-0.03433128073811531,-0.10126978158950806,0.028019394725561142,0.05080867186188698,0.12194737792015076,0.0018286063568666577,0.099332295358181,0.04427801072597504,-0.008157793432474136,0.03852236643433571,0.1726132035255432,0.12772703170776367,-0.09513330459594727,0.0660196915268898,-0.04474427178502083,0.049446478486061096,0.032661523669958115,0.13938923180103302,0.06295464932918549,0.0221959687769413,-0.013517175801098347,0.03468407317996025,-0.04724888131022453,0.1366928219795227,0.11935166269540787,-0.005003056023269892,-0.09868941456079483,0.08402480185031891,0.007761166896671057,-0.08695350587368011,0.06896618753671646,0.047018587589263916,0.05363689363002777,-0.10633716732263565,0.1427147090435028,0.10117440670728683,0.03211100399494171,-0.07259499281644821,0.06643975526094437,-0.03540794178843498,0.14738620817661285,-0.07203289866447449,-0.020851271227002144,-0.06572742760181427,-0.020643949508666992,0.055453818291425705,0.02773023210465908,-0.11660245805978775,0.12673641741275787,-0.10134726762771606,0.010497446171939373,0.18161457777023315,-0.063677579164505,0.1194436177611351,-0.08394443243741989,-0.07882333546876907,-0.01973799057304859,-0.06391984969377518,0.2698594331741333,0.05673115327954292,0.08192439377307892,-0.016463538631796837,-0.015467985533177853,-0.04215029999613762,-0.0677533745765686,-0.0034246442373842,0.01718471199274063,-0.1266963928937912,-0.10724955052137375,0.14874988794326782,0.12149537354707718,-0.06572092324495316,0.034180961549282074,-0.033295758068561554,0.02130202017724514,-0.16088810563087463,-0.04049520939588547,-0.12029460817575455,0.13376572728157043,0.15436743199825287,0.0117534464225173,-0.1944551020860672,0.0435870885848999,0.16669319570064545,-0.022343512624502182,-0.0784846693277359,0.1678246557712555,0.0035242552403360605,0.015433695167303085,-0.044648997485637665,0.0007299364660866559,0.0019644880667328835,-0.08645813167095184,0.00018784464919008315,0.11320961266756058,0.10500746965408325,-0.007808455731719732,0.1662394404411316,0.026112660765647888,0.003150480566546321,-0.018785778433084488,0.06388123333454132,0.08763469755649567,0.06979803740978241,-0.014106720685958862,0.09026672691106796,0.008345983922481537,0.05589275807142258,0.10922639816999435,0.06669910252094269,-0.03315986692905426,0.08272507786750793,0.021919986233115196,-0.0003332267515361309,0.026954587548971176,0.1820104718208313,0.028465863317251205,kejriwal,9
0.020623913034796715,0.027246946468949318,0.011097866110503674,-0.0425322949886322,0.11156929284334183,0.09222005307674408,-0.09641974419355392,-0.15836761891841888,0.02439744397997856,-0.018419664353132248,0.0864410325884819,0.012130483984947205,-0.08596658706665039,0.012168966233730316,0.05054306611418724,0.06581476330757141,0.010042346082627773,0.07921016216278076,0.049535736441612244,-0.02126425690948963,0.0428151935338974,0.19488152861595154,0.03528730198740959,-0.04369150474667549,0.016376633197069168,0.011805188842117786,0.10516400635242462,0.0009839946869760752,0.06110594421625137,0.05270937457680702,0.04008745402097702,-0.1168920174241066,0.04385286569595337,-0.04416273534297943,0.18065214157104492,0.17514511942863464,-0.0198469590395689,-0.1443752497434616,0.018445536494255066,-0.014264415949583054,-0.0845922902226448,0.04238903522491455,-0.03161304071545601,0.09811525046825409,-0.048596207052469254,0.17721904814243317,0.01453893631696701,0.0698661133646965,-0.05232039466500282,-0.008134616538882256,-0.022996392101049423,0.10622511804103851,-0.06176385283470154,-0.07549314945936203,-0.018371760845184326,0.02781551703810692,-0.06072685122489929,0.018745921552181244,-0.15636546909809113,0.17466111481189728,-0.04831990972161293,-0.04994688555598259,0.15371757745742798,-0.026018213480710983,0.18118348717689514,-0.21277038753032684,-0.08560420572757721,0.05703851953148842,-0.01883496157824993,0.28349706530570984,0.09836327284574509,0.03184466436505318,-0.04769357666373253,-0.1887737661600113,-0.10731776803731918,0.013939864933490753,-0.02311662584543228,0.11641395092010498,-0.08735735714435577,-0.09138647466897964,0.10792692750692368,0.08788326382637024,-0.05634663254022598,0.06330464035272598,-0.07295791059732437,-0.06393763422966003,-0.04960908740758896,-0.006345480214804411,-0.11329132318496704,0.17407222092151642,0.08457312732934952,0.01173226535320282,-0.14450310170650482,0.11527407914400101,0.08210264891386032,0.032741397619247437,-0.05545828863978386,-0.011514786630868912,0.024540595710277557,0.018785793334245682,0.05225193873047829,0.05140157416462898,-0.09308570623397827,-0.219896599650383,0.04816072806715965,0.05010442063212395,0.0776144340634346,-0.12974368035793304,0.06563803553581238,0.07482397556304932,0.0012948218500241637,-0.07185667753219604,0.05294156074523926,0.05301991105079651,0.09261723607778549,0.03386680409312248,0.009371344931423664,-0.017055487260222435,-0.0464479923248291,0.10051263868808746,0.04588114470243454,-0.060941725969314575,0.044084854423999786,0.03278420865535736,0.06898976117372513,0.07279149442911148,0.1595843881368637,0.0005358024500310421,kejriwal,14
